survival_functions,epochs,chance_create_line,chance_cycle,chance_erase_line,chance_invert,chance_merge,chance_merge_specimen,chance_rot_cycle,chance_rot_right,chance_split,fitness
0,100,0.1,0.1,0.1,0.5,0.1,0.5,0.5,0.5,0.75,32.4661453397056
0,100,0.1,0.1,0.1,0.5,0.1,0.8,0.5,0.5,0.5,31.388772949337337
0,100,0.1,0.1,0.1,0.5,0.1,0.5,0.5,0.5,0.9,31.20385939020716
0,100,0.1,0.1,0.1,0.5,0.1,0.5,0.5,0.5,0.5,31.72952081968981
0,100,0.1,0.1,0.1,0.5,0.1,0.2,0.5,0.5,0.75,32.89158274741919
0,100,0.1,0.1,0.1,0.5,0.1,0.2,0.5,0.5,0.5,32.32362328433309
0,100,0.1,0.1,0.1,0.5,0.1,0.2,0.5,0.5,0.9,32.63539870611903
0,100,0.1,0.1,0.1,0.5,0.1,0.8,0.5,0.5,0.75,32.37230992224328
0,100,0.1,0.1,0.1,0.5,0.1,0.8,0.5,0.5,0.9,31.652146089506555
0,100,0.1,0.1,0.1,0.5,0.25,0.5,0.5,0.5,0.5,31.765126596660803
0,100,0.1,0.1,0.1,0.5,0.25,0.2,0.5,0.5,0.5,33.04216307284244
0,100,0.1,0.1,0.1,0.5,0.25,0.2,0.5,0.5,0.75,32.92858258253958
0,100,0.1,0.1,0.1,0.5,0.25,0.2,0.5,0.5,0.9,32.742231163949675
0,100,0.1,0.1,0.1,0.5,0.25,0.5,0.5,0.5,0.75,31.677303854906185
0,100,0.1,0.1,0.1,0.5,0.25,0.5,0.5,0.5,0.9,32.8945633856848
0,100,0.1,0.1,0.1,0.5,0.25,0.8,0.5,0.5,0.5,30.553181755673794
0,100,0.1,0.1,0.1,0.5,0.25,0.8,0.5,0.5,0.75,31.995393669843534
0,100,0.1,0.1,0.1,0.5,0.25,0.8,0.5,0.5,0.9,31.189990343917476
0,100,0.1,0.1,0.1,0.5,0.5,0.2,0.5,0.5,0.5,32.977016359835154
0,100,0.1,0.1,0.1,0.5,0.5,0.2,0.5,0.5,0.75,32.01532633639244
0,100,0.1,0.1,0.1,0.5,0.5,0.2,0.5,0.5,0.9,33.77617507140824
0,100,0.1,0.1,0.1,0.5,0.5,0.5,0.5,0.5,0.5,31.123418955816323
0,100,0.1,0.1,0.1,0.5,0.5,0.5,0.5,0.5,0.75,31.032753818047414
0,100,0.1,0.1,0.1,0.5,0.5,0.8,0.5,0.5,0.5,30.89037525649846
0,100,0.1,0.1,0.1,0.5,0.5,0.8,0.5,0.5,0.9,31.390905323648912
0,100,0.1,0.1,0.1,0.5,0.5,0.8,0.5,0.5,0.75,31.378740904976144
0,100,0.1,0.1,0.1,0.5,0.5,0.5,0.5,0.5,0.9,32.113588215351115
0,100,0.1,0.1,0.25,0.5,0.1,0.2,0.5,0.5,0.5,31.675809702236744
0,100,0.1,0.1,0.25,0.5,0.1,0.2,0.5,0.5,0.75,32.86014571301372
0,100,0.1,0.1,0.25,0.5,0.1,0.2,0.5,0.5,0.9,32.65366281561596
0,100,0.1,0.1,0.25,0.5,0.1,0.5,0.5,0.5,0.5,31.326621136376378
0,100,0.1,0.1,0.25,0.5,0.1,0.5,0.5,0.5,0.75,31.502899478306322
0,100,0.1,0.1,0.25,0.5,0.1,0.8,0.5,0.5,0.5,30.14561159491853
0,100,0.1,0.1,0.25,0.5,0.1,0.8,0.5,0.5,0.75,31.810700640577206
0,100,0.1,0.1,0.25,0.5,0.1,0.5,0.5,0.5,0.9,32.6105908680226
0,100,0.1,0.1,0.25,0.5,0.25,0.2,0.5,0.5,0.5,32.84707151370954
0,100,0.1,0.1,0.25,0.5,0.1,0.8,0.5,0.5,0.9,30.536582820434727
0,100,0.1,0.1,0.25,0.5,0.25,0.2,0.5,0.5,0.9,33.575158939148785
0,100,0.1,0.1,0.25,0.5,0.25,0.2,0.5,0.5,0.75,32.48512174067041
0,100,0.1,0.1,0.25,0.5,0.25,0.5,0.5,0.5,0.5,32.41334793660046
0,100,0.1,0.1,0.25,0.5,0.25,0.5,0.5,0.5,0.9,31.77456793672758
0,100,0.1,0.1,0.25,0.5,0.25,0.5,0.5,0.5,0.75,32.248579260547615
0,100,0.1,0.1,0.25,0.5,0.25,0.8,0.5,0.5,0.5,31.356016498955338
0,100,0.1,0.1,0.25,0.5,0.25,0.8,0.5,0.5,0.9,31.978304045972532
0,100,0.1,0.1,0.25,0.5,0.25,0.8,0.5,0.5,0.75,31.75514310238375
0,100,0.1,0.1,0.25,0.5,0.5,0.2,0.5,0.5,0.75,31.416749433376793
0,100,0.1,0.1,0.25,0.5,0.5,0.2,0.5,0.5,0.5,32.15756774226929
0,100,0.1,0.1,0.25,0.5,0.5,0.5,0.5,0.5,0.5,31.883603889329006
0,100,0.1,0.1,0.25,0.5,0.5,0.2,0.5,0.5,0.9,32.43586201780613
0,100,0.1,0.1,0.25,0.5,0.5,0.5,0.5,0.5,0.75,31.464846954567836
0,100,0.1,0.1,0.25,0.5,0.5,0.5,0.5,0.5,0.9,31.165075155931007
0,100,0.1,0.1,0.25,0.5,0.5,0.8,0.5,0.5,0.5,30.328513756639527
0,100,0.1,0.1,0.25,0.5,0.5,0.8,0.5,0.5,0.75,30.54439256833467
0,100,0.1,0.1,0.25,0.5,0.5,0.8,0.5,0.5,0.9,30.571107205667502
0,100,0.1,0.1,0.5,0.5,0.1,0.2,0.5,0.5,0.5,30.32817862597876
0,100,0.1,0.1,0.5,0.5,0.1,0.2,0.5,0.5,0.75,31.245557323429708
0,100,0.1,0.1,0.5,0.5,0.1,0.5,0.5,0.5,0.5,31.19824637519282
0,100,0.1,0.1,0.5,0.5,0.1,0.5,0.5,0.5,0.75,31.06604476432857
0,100,0.1,0.1,0.5,0.5,0.1,0.2,0.5,0.5,0.9,30.813580763130005
0,100,0.1,0.1,0.5,0.5,0.1,0.5,0.5,0.5,0.9,30.635851677196996
0,100,0.1,0.1,0.5,0.5,0.1,0.8,0.5,0.5,0.5,31.21399058560176
0,100,0.1,0.1,0.5,0.5,0.1,0.8,0.5,0.5,0.75,29.965129176214262
0,100,0.1,0.1,0.5,0.5,0.1,0.8,0.5,0.5,0.9,30.17985323142862
0,100,0.1,0.1,0.5,0.5,0.25,0.2,0.5,0.5,0.5,31.645919984769666
0,100,0.1,0.1,0.5,0.5,0.25,0.2,0.5,0.5,0.75,31.669208712303558
0,100,0.1,0.1,0.5,0.5,0.25,0.2,0.5,0.5,0.9,31.632493391656325
0,100,0.1,0.1,0.5,0.5,0.25,0.5,0.5,0.5,0.5,30.51873140221451
0,100,0.1,0.1,0.5,0.5,0.25,0.5,0.5,0.5,0.75,31.161021193660904
0,100,0.1,0.1,0.5,0.5,0.25,0.8,0.5,0.5,0.5,29.715224705770254
0,100,0.1,0.1,0.5,0.5,0.25,0.5,0.5,0.5,0.9,31.112443229978865
0,100,0.1,0.1,0.5,0.5,0.25,0.8,0.5,0.5,0.75,30.407964127985906
0,100,0.1,0.1,0.5,0.5,0.25,0.8,0.5,0.5,0.9,31.86543164653
0,100,0.1,0.1,0.5,0.5,0.5,0.2,0.5,0.5,0.5,31.481988121700056
0,100,0.1,0.1,0.5,0.5,0.5,0.2,0.5,0.5,0.75,31.003217499613413
0,100,0.1,0.1,0.5,0.5,0.5,0.2,0.5,0.5,0.9,31.431651911950567
0,100,0.1,0.1,0.5,0.5,0.5,0.5,0.5,0.5,0.5,29.57034556524957
0,100,0.1,0.1,0.5,0.5,0.5,0.5,0.5,0.5,0.75,31.363922723551635
0,100,0.1,0.1,0.5,0.5,0.5,0.5,0.5,0.5,0.9,30.901967826607976
0,100,0.1,0.1,0.5,0.5,0.5,0.8,0.5,0.5,0.5,30.443941230758664
0,100,0.1,0.1,0.5,0.5,0.5,0.8,0.5,0.5,0.75,30.63881574905299
0,100,0.1,0.1,0.5,0.5,0.5,0.8,0.5,0.5,0.9,29.045329535216684
0,100,0.1,0.25,0.1,0.5,0.1,0.2,0.5,0.5,0.5,31.996251695558144
0,100,0.1,0.25,0.1,0.5,0.1,0.5,0.5,0.5,0.5,31.589234849499647
0,100,0.1,0.25,0.1,0.5,0.1,0.2,0.5,0.5,0.75,32.21666276445317
0,100,0.1,0.25,0.1,0.5,0.1,0.2,0.5,0.5,0.9,31.75578702651727
0,100,0.1,0.25,0.1,0.5,0.1,0.5,0.5,0.5,0.75,31.58184633568845
0,100,0.1,0.25,0.1,0.5,0.1,0.8,0.5,0.5,0.5,30.524675225469764
0,100,0.1,0.25,0.1,0.5,0.1,0.5,0.5,0.5,0.9,31.2437596936894
0,100,0.1,0.25,0.1,0.5,0.1,0.8,0.5,0.5,0.9,32.44647772784288
0,100,0.1,0.25,0.1,0.5,0.1,0.8,0.5,0.5,0.75,31.583642665996166
0,100,0.1,0.25,0.1,0.5,0.25,0.2,0.5,0.5,0.5,32.94407666348874
0,100,0.1,0.25,0.1,0.5,0.25,0.2,0.5,0.5,0.75,32.689541924675915
0,100,0.1,0.25,0.1,0.5,0.25,0.2,0.5,0.5,0.9,33.56369167400342
0,100,0.1,0.25,0.1,0.5,0.25,0.5,0.5,0.5,0.5,30.942859395695525
0,100,0.1,0.25,0.1,0.5,0.25,0.5,0.5,0.5,0.75,31.434082758396517
0,100,0.1,0.25,0.1,0.5,0.25,0.8,0.5,0.5,0.5,31.525491989757835
0,100,0.1,0.25,0.1,0.5,0.25,0.5,0.5,0.5,0.9,31.472864181198364
0,100,0.1,0.25,0.1,0.5,0.25,0.8,0.5,0.5,0.75,31.212281729896485
0,100,0.1,0.25,0.1,0.5,0.25,0.8,0.5,0.5,0.9,31.738568756487634
0,100,0.1,0.25,0.1,0.5,0.5,0.2,0.5,0.5,0.5,31.700437262652372
0,100,0.1,0.25,0.1,0.5,0.5,0.2,0.5,0.5,0.75,33.30116050887836
0,100,0.1,0.25,0.1,0.5,0.5,0.5,0.5,0.5,0.5,30.052159417657567
0,100,0.1,0.25,0.1,0.5,0.5,0.2,0.5,0.5,0.9,32.57784871960445
0,100,0.1,0.25,0.1,0.5,0.5,0.5,0.5,0.5,0.75,31.2030594618244
0,100,0.1,0.25,0.1,0.5,0.5,0.5,0.5,0.5,0.9,30.309407285657915
0,100,0.1,0.25,0.1,0.5,0.5,0.8,0.5,0.5,0.5,30.41244752930368
0,100,0.1,0.25,0.1,0.5,0.5,0.8,0.5,0.5,0.75,30.654448646693442
0,100,0.1,0.25,0.1,0.5,0.5,0.8,0.5,0.5,0.9,29.75591308083106
0,100,0.1,0.25,0.25,0.5,0.1,0.2,0.5,0.5,0.5,31.80202577217929
0,100,0.1,0.25,0.25,0.5,0.1,0.5,0.5,0.5,0.5,32.41780723716704
0,100,0.1,0.25,0.25,0.5,0.1,0.2,0.5,0.5,0.75,32.6650000476637
0,100,0.1,0.25,0.25,0.5,0.1,0.2,0.5,0.5,0.9,31.901059957292603
0,100,0.1,0.25,0.25,0.5,0.1,0.5,0.5,0.5,0.75,30.66568199676632
0,100,0.1,0.25,0.25,0.5,0.1,0.5,0.5,0.5,0.9,30.476746154115162
0,100,0.1,0.25,0.25,0.5,0.1,0.8,0.5,0.5,0.5,30.71417903377821
0,100,0.1,0.25,0.25,0.5,0.1,0.8,0.5,0.5,0.75,31.37734535743466
0,100,0.1,0.25,0.25,0.5,0.1,0.8,0.5,0.5,0.9,31.649849998678203
0,100,0.1,0.25,0.25,0.5,0.25,0.2,0.5,0.5,0.5,32.46396070222603
0,100,0.1,0.25,0.25,0.5,0.25,0.2,0.5,0.5,0.9,31.76917124451639
0,100,0.1,0.25,0.25,0.5,0.25,0.2,0.5,0.5,0.75,32.70180041478412
0,100,0.1,0.25,0.25,0.5,0.25,0.5,0.5,0.5,0.5,31.495358411521426
0,100,0.1,0.25,0.25,0.5,0.25,0.5,0.5,0.5,0.75,32.1171377473008
0,100,0.1,0.25,0.25,0.5,0.25,0.5,0.5,0.5,0.9,31.84620780472186
0,100,0.1,0.25,0.25,0.5,0.25,0.8,0.5,0.5,0.5,31.532085606697564
0,100,0.1,0.25,0.25,0.5,0.25,0.8,0.5,0.5,0.75,31.283583458621564
0,100,0.1,0.25,0.25,0.5,0.25,0.8,0.5,0.5,0.9,32.89260369717936
0,100,0.1,0.25,0.25,0.5,0.5,0.2,0.5,0.5,0.5,31.198841583153236
0,100,0.1,0.25,0.25,0.5,0.5,0.2,0.5,0.5,0.75,31.595603466837733
0,100,0.1,0.25,0.25,0.5,0.5,0.2,0.5,0.5,0.9,32.880704956548335
0,100,0.1,0.25,0.25,0.5,0.5,0.5,0.5,0.5,0.5,29.869160552831914
0,100,0.1,0.25,0.25,0.5,0.5,0.5,0.5,0.5,0.75,32.03769554811729
0,100,0.1,0.25,0.25,0.5,0.5,0.8,0.5,0.5,0.5,30.496106576478013
0,100,0.1,0.25,0.25,0.5,0.5,0.5,0.5,0.5,0.9,31.80673669021317
0,100,0.1,0.25,0.25,0.5,0.5,0.8,0.5,0.5,0.75,30.644974173742764
0,100,0.1,0.25,0.25,0.5,0.5,0.8,0.5,0.5,0.9,30.87665497915518
0,100,0.1,0.25,0.5,0.5,0.1,0.2,0.5,0.5,0.5,32.17277106722379
0,100,0.1,0.25,0.5,0.5,0.1,0.2,0.5,0.5,0.75,31.300287968505796
0,100,0.1,0.25,0.5,0.5,0.1,0.5,0.5,0.5,0.5,31.958529380675916
0,100,0.1,0.25,0.5,0.5,0.1,0.5,0.5,0.5,0.75,30.207244434432454
0,100,0.1,0.25,0.5,0.5,0.1,0.2,0.5,0.5,0.9,31.949853904802904
0,100,0.1,0.25,0.5,0.5,0.1,0.5,0.5,0.5,0.9,30.84099359340026
0,100,0.1,0.25,0.5,0.5,0.1,0.8,0.5,0.5,0.5,29.841176004551965
0,100,0.1,0.25,0.5,0.5,0.1,0.8,0.5,0.5,0.75,31.249958555441605
0,100,0.1,0.25,0.5,0.5,0.1,0.8,0.5,0.5,0.9,30.00689361227965
0,100,0.1,0.25,0.5,0.5,0.25,0.2,0.5,0.5,0.5,32.082135861127306
0,100,0.1,0.25,0.5,0.5,0.25,0.2,0.5,0.5,0.75,31.77148656983239
0,100,0.1,0.25,0.5,0.5,0.25,0.5,0.5,0.5,0.5,29.901485869031347
0,100,0.1,0.25,0.5,0.5,0.25,0.2,0.5,0.5,0.9,32.11846430273662
0,100,0.1,0.25,0.5,0.5,0.25,0.5,0.5,0.5,0.75,30.319674941691755
0,100,0.1,0.25,0.5,0.5,0.25,0.5,0.5,0.5,0.9,30.20209375005142
0,100,0.1,0.25,0.5,0.5,0.25,0.8,0.5,0.5,0.75,30.62597988493033
0,100,0.1,0.25,0.5,0.5,0.25,0.8,0.5,0.5,0.5,30.82768125769191
0,100,0.1,0.25,0.5,0.5,0.25,0.8,0.5,0.5,0.9,31.18618462837435
0,100,0.1,0.25,0.5,0.5,0.5,0.2,0.5,0.5,0.5,29.823420366768435
0,100,0.1,0.25,0.5,0.5,0.5,0.2,0.5,0.5,0.75,31.45369737450514
0,100,0.1,0.25,0.5,0.5,0.5,0.5,0.5,0.5,0.5,29.457531325837063
0,100,0.1,0.25,0.5,0.5,0.5,0.2,0.5,0.5,0.9,33.06959856414823
0,100,0.1,0.25,0.5,0.5,0.5,0.5,0.5,0.5,0.75,30.40951787582217
0,100,0.1,0.25,0.5,0.5,0.5,0.8,0.5,0.5,0.75,30.816187272494002
0,100,0.1,0.25,0.5,0.5,0.5,0.5,0.5,0.5,0.9,31.557525589774144
0,100,0.1,0.25,0.5,0.5,0.5,0.8,0.5,0.5,0.5,27.73634852193295
0,100,0.1,0.25,0.5,0.5,0.5,0.8,0.5,0.5,0.9,30.480592920016488
0,100,0.1,0.5,0.1,0.5,0.1,0.2,0.5,0.5,0.5,32.98786807192042
0,100,0.1,0.5,0.1,0.5,0.1,0.2,0.5,0.5,0.75,32.97195539916084
0,100,0.1,0.5,0.1,0.5,0.1,0.5,0.5,0.5,0.5,30.839007690699436
0,100,0.1,0.5,0.1,0.5,0.1,0.2,0.5,0.5,0.9,32.753165535718885
0,100,0.1,0.5,0.1,0.5,0.1,0.5,0.5,0.5,0.75,30.44237633245986
0,100,0.1,0.5,0.1,0.5,0.1,0.8,0.5,0.5,0.5,30.38141605397226
0,100,0.1,0.5,0.1,0.5,0.1,0.5,0.5,0.5,0.9,30.437650332500336
0,100,0.1,0.5,0.1,0.5,0.1,0.8,0.5,0.5,0.75,30.04359412582994
0,100,0.1,0.5,0.1,0.5,0.1,0.8,0.5,0.5,0.9,30.11818715397135
0,100,0.1,0.5,0.1,0.5,0.25,0.2,0.5,0.5,0.5,31.311175663427502
0,100,0.1,0.5,0.1,0.5,0.25,0.5,0.5,0.5,0.5,30.86054038034992
0,100,0.1,0.5,0.1,0.5,0.25,0.5,0.5,0.5,0.75,30.637732599723495
0,100,0.1,0.5,0.1,0.5,0.25,0.2,0.5,0.5,0.75,31.716144325702988
0,100,0.1,0.5,0.1,0.5,0.25,0.2,0.5,0.5,0.9,32.1254984709401
0,100,0.1,0.5,0.1,0.5,0.25,0.8,0.5,0.5,0.5,29.779950508368838
0,100,0.1,0.5,0.1,0.5,0.25,0.5,0.5,0.5,0.9,30.673149474004205
0,100,0.1,0.5,0.1,0.5,0.25,0.8,0.5,0.5,0.9,31.332769763750036
0,100,0.1,0.5,0.1,0.5,0.25,0.8,0.5,0.5,0.75,31.05948206522865
0,100,0.1,0.5,0.1,0.5,0.5,0.2,0.5,0.5,0.75,30.49315586560743
0,100,0.1,0.5,0.1,0.5,0.5,0.2,0.5,0.5,0.5,30.5868945622766
0,100,0.1,0.5,0.1,0.5,0.5,0.5,0.5,0.5,0.5,30.135583225061975
0,100,0.1,0.5,0.1,0.5,0.5,0.2,0.5,0.5,0.9,32.114793390220804
0,100,0.1,0.5,0.1,0.5,0.5,0.8,0.5,0.5,0.5,29.365521330794877
0,100,0.1,0.5,0.1,0.5,0.5,0.5,0.5,0.5,0.75,30.106514140019765
0,100,0.1,0.5,0.1,0.5,0.5,0.5,0.5,0.5,0.9,28.850973685935813
0,100,0.1,0.5,0.1,0.5,0.5,0.8,0.5,0.5,0.75,29.18909941384443
0,100,0.1,0.5,0.1,0.5,0.5,0.8,0.5,0.5,0.9,31.278304737962184
0,100,0.1,0.5,0.25,0.5,0.1,0.2,0.5,0.5,0.5,31.568613940983823
0,100,0.1,0.5,0.25,0.5,0.1,0.5,0.5,0.5,0.5,30.352707011090462
0,100,0.1,0.5,0.25,0.5,0.1,0.2,0.5,0.5,0.9,31.766351050158335
0,100,0.1,0.5,0.25,0.5,0.1,0.2,0.5,0.5,0.75,32.06709672970779
0,100,0.1,0.5,0.25,0.5,0.1,0.5,0.5,0.5,0.75,31.312392906196347
0,100,0.1,0.5,0.25,0.5,0.1,0.5,0.5,0.5,0.9,30.422276785240914
0,100,0.1,0.5,0.25,0.5,0.1,0.8,0.5,0.5,0.5,31.226446224882185
0,100,0.1,0.5,0.25,0.5,0.1,0.8,0.5,0.5,0.75,30.772098733220286
0,100,0.1,0.5,0.25,0.5,0.1,0.8,0.5,0.5,0.9,30.69007269757691
0,100,0.1,0.5,0.25,0.5,0.25,0.2,0.5,0.5,0.5,30.92170854967505
0,100,0.1,0.5,0.25,0.5,0.25,0.2,0.5,0.5,0.9,31.647283916707696
0,100,0.1,0.5,0.25,0.5,0.25,0.2,0.5,0.5,0.75,32.37298302222617
0,100,0.1,0.5,0.25,0.5,0.25,0.5,0.5,0.5,0.5,30.254797353436373
0,100,0.1,0.5,0.25,0.5,0.25,0.5,0.5,0.5,0.75,30.188160339619333
0,100,0.1,0.5,0.25,0.5,0.25,0.8,0.5,0.5,0.5,29.773706687909012
0,100,0.1,0.5,0.25,0.5,0.25,0.5,0.5,0.5,0.9,31.24225699958538
0,100,0.1,0.5,0.25,0.5,0.25,0.8,0.5,0.5,0.75,29.889437496359946
0,100,0.1,0.5,0.25,0.5,0.25,0.8,0.5,0.5,0.9,31.013714236054074
0,100,0.1,0.5,0.25,0.5,0.5,0.2,0.5,0.5,0.5,30.8710167556511
0,100,0.1,0.5,0.25,0.5,0.5,0.2,0.5,0.5,0.75,30.479853315481563
0,100,0.1,0.5,0.25,0.5,0.5,0.5,0.5,0.5,0.5,30.86657361952373
0,100,0.1,0.5,0.25,0.5,0.5,0.2,0.5,0.5,0.9,31.19537964686302
0,100,0.1,0.5,0.25,0.5,0.5,0.5,0.5,0.5,0.75,31.497241292221236
0,100,0.1,0.5,0.25,0.5,0.5,0.8,0.5,0.5,0.5,29.710101488289727
0,100,0.1,0.5,0.25,0.5,0.5,0.5,0.5,0.5,0.9,29.52847411908242
0,100,0.1,0.5,0.25,0.5,0.5,0.8,0.5,0.5,0.75,29.61118840662627
0,100,0.1,0.5,0.25,0.5,0.5,0.8,0.5,0.5,0.9,29.15581393917438
0,100,0.1,0.5,0.5,0.5,0.1,0.2,0.5,0.5,0.5,30.207271888310157
0,100,0.1,0.5,0.5,0.5,0.1,0.2,0.5,0.5,0.75,30.462746587366194
0,100,0.1,0.5,0.5,0.5,0.1,0.5,0.5,0.5,0.5,30.18272979540275
0,100,0.1,0.5,0.5,0.5,0.1,0.2,0.5,0.5,0.9,30.574492352863363
0,100,0.1,0.5,0.5,0.5,0.1,0.5,0.5,0.5,0.75,29.866311962749865
0,100,0.1,0.5,0.5,0.5,0.1,0.8,0.5,0.5,0.5,27.587473968609938
0,100,0.1,0.5,0.5,0.5,0.1,0.5,0.5,0.5,0.9,29.814971600741462
0,100,0.1,0.5,0.5,0.5,0.1,0.8,0.5,0.5,0.75,30.132484014848277
0,100,0.1,0.5,0.5,0.5,0.1,0.8,0.5,0.5,0.9,31.34358382098402
0,100,0.1,0.5,0.5,0.5,0.25,0.2,0.5,0.5,0.5,30.721315017616956
0,100,0.1,0.5,0.5,0.5,0.25,0.2,0.5,0.5,0.75,30.203352575225534
0,100,0.1,0.5,0.5,0.5,0.25,0.5,0.5,0.5,0.5,30.50832354357601
0,100,0.1,0.5,0.5,0.5,0.25,0.2,0.5,0.5,0.9,31.84797804510748
0,100,0.1,0.5,0.5,0.5,0.25,0.5,0.5,0.5,0.75,30.902379752209622
0,100,0.1,0.5,0.5,0.5,0.25,0.8,0.5,0.5,0.5,28.968797838036792
0,100,0.1,0.5,0.5,0.5,0.25,0.5,0.5,0.5,0.9,28.875541101883517
0,100,0.1,0.5,0.5,0.5,0.25,0.8,0.5,0.5,0.9,29.543798430038894
0,100,0.1,0.5,0.5,0.5,0.25,0.8,0.5,0.5,0.75,29.649207542548762
0,100,0.1,0.5,0.5,0.5,0.5,0.2,0.5,0.5,0.5,29.03371741642485
0,100,0.1,0.5,0.5,0.5,0.5,0.2,0.5,0.5,0.75,29.5755352289633
0,100,0.1,0.5,0.5,0.5,0.5,0.5,0.5,0.5,0.5,28.035337689370635
0,100,0.1,0.5,0.5,0.5,0.5,0.5,0.5,0.5,0.9,29.182569834032382
0,100,0.1,0.5,0.5,0.5,0.5,0.5,0.5,0.5,0.75,29.557615705374378
0,100,0.1,0.5,0.5,0.5,0.5,0.2,0.5,0.5,0.9,31.09088420439072
0,100,0.1,0.5,0.5,0.5,0.5,0.8,0.5,0.5,0.5,28.912507521214252
0,100,0.1,0.5,0.5,0.5,0.5,0.8,0.5,0.5,0.75,29.206553399617235
0,100,0.25,0.1,0.1,0.5,0.1,0.2,0.5,0.5,0.5,32.71607478281443
0,100,0.1,0.5,0.5,0.5,0.5,0.8,0.5,0.5,0.9,30.017265353226264
0,100,0.25,0.1,0.1,0.5,0.1,0.5,0.5,0.5,0.5,31.32551044203313
0,100,0.25,0.1,0.1,0.5,0.1,0.2,0.5,0.5,0.75,32.33486052090711
0,100,0.25,0.1,0.1,0.5,0.1,0.5,0.5,0.5,0.75,31.59882855208174
0,100,0.25,0.1,0.1,0.5,0.1,0.2,0.5,0.5,0.9,33.158569013208805
0,100,0.25,0.1,0.1,0.5,0.1,0.8,0.5,0.5,0.5,31.49860321397613
0,100,0.25,0.1,0.1,0.5,0.1,0.8,0.5,0.5,0.75,31.74336724505365
0,100,0.25,0.1,0.1,0.5,0.1,0.8,0.5,0.5,0.9,32.01428846090959
0,100,0.25,0.1,0.1,0.5,0.1,0.5,0.5,0.5,0.9,30.53973165529761
0,100,0.25,0.1,0.1,0.5,0.25,0.2,0.5,0.5,0.9,32.794516542665626
0,100,0.25,0.1,0.1,0.5,0.25,0.2,0.5,0.5,0.5,33.02211967564111
0,100,0.25,0.1,0.1,0.5,0.25,0.2,0.5,0.5,0.75,32.386832158683184
0,100,0.25,0.1,0.1,0.5,0.25,0.5,0.5,0.5,0.5,31.89734582962035
0,100,0.25,0.1,0.1,0.5,0.25,0.8,0.5,0.5,0.5,31.256606813430665
0,100,0.25,0.1,0.1,0.5,0.25,0.5,0.5,0.5,0.75,31.089351432077265
0,100,0.25,0.1,0.1,0.5,0.25,0.5,0.5,0.5,0.9,31.47786068699917
0,100,0.25,0.1,0.1,0.5,0.25,0.8,0.5,0.5,0.75,32.04610555495274
0,100,0.25,0.1,0.1,0.5,0.25,0.8,0.5,0.5,0.9,32.77063001403615
0,100,0.25,0.1,0.1,0.5,0.5,0.2,0.5,0.5,0.5,32.18063671860915
0,100,0.25,0.1,0.1,0.5,0.5,0.2,0.5,0.5,0.75,32.95478359142535
0,100,0.25,0.1,0.1,0.5,0.5,0.8,0.5,0.5,0.5,31.79556558508446
0,100,0.25,0.1,0.1,0.5,0.5,0.2,0.5,0.5,0.9,31.667053038719974
0,100,0.25,0.1,0.1,0.5,0.5,0.5,0.5,0.5,0.5,31.193802707787057
0,100,0.25,0.1,0.1,0.5,0.5,0.5,0.5,0.5,0.75,30.338949056997468
0,100,0.25,0.1,0.1,0.5,0.5,0.5,0.5,0.5,0.9,31.70921965385827
0,100,0.25,0.1,0.1,0.5,0.5,0.8,0.5,0.5,0.75,30.78718189507826
0,100,0.25,0.1,0.1,0.5,0.5,0.8,0.5,0.5,0.9,30.19737162599637
0,100,0.25,0.1,0.25,0.5,0.1,0.5,0.5,0.5,0.5,32.570610434029284
0,100,0.25,0.1,0.25,0.5,0.1,0.2,0.5,0.5,0.5,32.34958591449204
0,100,0.25,0.1,0.25,0.5,0.1,0.2,0.5,0.5,0.75,32.60234268311584
0,100,0.25,0.1,0.25,0.5,0.1,0.2,0.5,0.5,0.9,32.76113409650055
0,100,0.25,0.1,0.25,0.5,0.1,0.5,0.5,0.5,0.75,32.72970936270561
0,100,0.25,0.1,0.25,0.5,0.1,0.5,0.5,0.5,0.9,31.090302250363536
0,100,0.25,0.1,0.25,0.5,0.1,0.8,0.5,0.5,0.5,31.403733871162718
0,100,0.25,0.1,0.25,0.5,0.1,0.8,0.5,0.5,0.75,30.205319984308787
0,100,0.25,0.1,0.25,0.5,0.25,0.2,0.5,0.5,0.5,32.09173848278748
0,100,0.25,0.1,0.25,0.5,0.1,0.8,0.5,0.5,0.9,31.262241475572832
0,100,0.25,0.1,0.25,0.5,0.25,0.2,0.5,0.5,0.75,32.211487420854986
0,100,0.25,0.1,0.25,0.5,0.25,0.5,0.5,0.5,0.5,32.129844772695016
0,100,0.25,0.1,0.25,0.5,0.25,0.2,0.5,0.5,0.9,32.53054323248332
0,100,0.25,0.1,0.25,0.5,0.25,0.8,0.5,0.5,0.5,30.39791220336515
0,100,0.25,0.1,0.25,0.5,0.25,0.5,0.5,0.5,0.9,31.137230619650623
0,100,0.25,0.1,0.25,0.5,0.25,0.5,0.5,0.5,0.75,30.507520360831744
0,100,0.25,0.1,0.25,0.5,0.25,0.8,0.5,0.5,0.75,31.760484166029546
0,100,0.25,0.1,0.25,0.5,0.25,0.8,0.5,0.5,0.9,31.278939056226083
0,100,0.25,0.1,0.25,0.5,0.5,0.2,0.5,0.5,0.5,31.54042414439756
0,100,0.25,0.1,0.25,0.5,0.5,0.2,0.5,0.5,0.75,32.27356868018226
0,100,0.25,0.1,0.25,0.5,0.5,0.5,0.5,0.5,0.5,30.65299344536007
0,100,0.25,0.1,0.25,0.5,0.5,0.8,0.5,0.5,0.5,31.069266587770603
0,100,0.25,0.1,0.25,0.5,0.5,0.2,0.5,0.5,0.9,32.25938283746581
0,100,0.25,0.1,0.25,0.5,0.5,0.5,0.5,0.5,0.75,30.86272485763395
0,100,0.25,0.1,0.25,0.5,0.5,0.8,0.5,0.5,0.75,31.213334061518534
0,100,0.25,0.1,0.25,0.5,0.5,0.5,0.5,0.5,0.9,29.853994973855936
0,100,0.25,0.1,0.25,0.5,0.5,0.8,0.5,0.5,0.9,31.510009486174084
0,100,0.25,0.1,0.5,0.5,0.1,0.2,0.5,0.5,0.5,31.79423973665851
0,100,0.25,0.1,0.5,0.5,0.1,0.2,0.5,0.5,0.75,31.946406573335498
0,100,0.25,0.1,0.5,0.5,0.1,0.5,0.5,0.5,0.5,31.50174146322151
0,100,0.25,0.1,0.5,0.5,0.1,0.5,0.5,0.5,0.75,31.210746766046014
0,100,0.25,0.1,0.5,0.5,0.1,0.2,0.5,0.5,0.9,32.20462373410868
0,100,0.25,0.1,0.5,0.5,0.1,0.8,0.5,0.5,0.5,29.5593125514521
0,100,0.25,0.1,0.5,0.5,0.1,0.5,0.5,0.5,0.9,31.577261393849955
0,100,0.25,0.1,0.5,0.5,0.1,0.8,0.5,0.5,0.75,31.302732912352486
0,100,0.25,0.1,0.5,0.5,0.1,0.8,0.5,0.5,0.9,30.734725838352862
0,100,0.25,0.1,0.5,0.5,0.25,0.5,0.5,0.5,0.5,30.740334726082352
0,100,0.25,0.1,0.5,0.5,0.25,0.2,0.5,0.5,0.5,32.609348678986294
0,100,0.25,0.1,0.5,0.5,0.25,0.2,0.5,0.5,0.9,31.70982423164107
0,100,0.25,0.1,0.5,0.5,0.25,0.2,0.5,0.5,0.75,31.516531866750128
0,100,0.25,0.1,0.5,0.5,0.25,0.5,0.5,0.5,0.75,31.06281744795936
0,100,0.25,0.1,0.5,0.5,0.25,0.8,0.5,0.5,0.5,30.895499237628012
0,100,0.25,0.1,0.5,0.5,0.25,0.5,0.5,0.5,0.9,30.804161229516236
0,100,0.25,0.1,0.5,0.5,0.25,0.8,0.5,0.5,0.75,30.1164689081468
0,100,0.25,0.1,0.5,0.5,0.25,0.8,0.5,0.5,0.9,31.011491219926736
0,100,0.25,0.1,0.5,0.5,0.5,0.2,0.5,0.5,0.5,30.887194791889517
0,100,0.25,0.1,0.5,0.5,0.5,0.2,0.5,0.5,0.75,30.6083449960461
0,100,0.25,0.1,0.5,0.5,0.5,0.2,0.5,0.5,0.9,31.07018491053407
0,100,0.25,0.1,0.5,0.5,0.5,0.5,0.5,0.5,0.5,28.450710309851047
0,100,0.25,0.1,0.5,0.5,0.5,0.8,0.5,0.5,0.5,29.639743924682012
0,100,0.25,0.1,0.5,0.5,0.5,0.5,0.5,0.5,0.75,30.882257489945232
0,100,0.25,0.1,0.5,0.5,0.5,0.5,0.5,0.5,0.9,30.723507394638858
0,100,0.25,0.1,0.5,0.5,0.5,0.8,0.5,0.5,0.75,31.223412559383373
0,100,0.25,0.1,0.5,0.5,0.5,0.8,0.5,0.5,0.9,30.567069957748163
0,100,0.25,0.25,0.1,0.5,0.1,0.2,0.5,0.5,0.5,33.07008068307113
0,100,0.25,0.25,0.1,0.5,0.1,0.5,0.5,0.5,0.5,31.0148810021514
0,100,0.25,0.25,0.1,0.5,0.1,0.2,0.5,0.5,0.75,32.639941355813626
0,100,0.25,0.25,0.1,0.5,0.1,0.5,0.5,0.5,0.75,31.49581833869247
0,100,0.25,0.25,0.1,0.5,0.1,0.5,0.5,0.5,0.9,30.68108286852471
0,100,0.25,0.25,0.1,0.5,0.1,0.8,0.5,0.5,0.5,31.013371308923144
0,100,0.25,0.25,0.1,0.5,0.1,0.2,0.5,0.5,0.9,32.59947915857399
0,100,0.25,0.25,0.1,0.5,0.1,0.8,0.5,0.5,0.75,31.195011043471784
0,100,0.25,0.25,0.1,0.5,0.1,0.8,0.5,0.5,0.9,31.077290852611004
0,100,0.25,0.25,0.1,0.5,0.25,0.5,0.5,0.5,0.5,31.335946595176136
0,100,0.25,0.25,0.1,0.5,0.25,0.2,0.5,0.5,0.5,31.739642562957187
0,100,0.25,0.25,0.1,0.5,0.25,0.5,0.5,0.5,0.75,32.53719376165535
0,100,0.25,0.25,0.1,0.5,0.25,0.2,0.5,0.5,0.75,33.6355819741866
0,100,0.25,0.25,0.1,0.5,0.25,0.2,0.5,0.5,0.9,33.3489774380345
0,100,0.25,0.25,0.1,0.5,0.25,0.5,0.5,0.5,0.9,30.92147958488415
0,100,0.25,0.25,0.1,0.5,0.25,0.8,0.5,0.5,0.5,31.57355698279657
0,100,0.25,0.25,0.1,0.5,0.25,0.8,0.5,0.5,0.75,31.575782524868288
0,100,0.25,0.25,0.1,0.5,0.25,0.8,0.5,0.5,0.9,31.5031709349275
0,100,0.25,0.25,0.1,0.5,0.5,0.2,0.5,0.5,0.75,32.6741680966479
0,100,0.25,0.25,0.1,0.5,0.5,0.2,0.5,0.5,0.5,32.12146831768293
0,100,0.25,0.25,0.1,0.5,0.5,0.2,0.5,0.5,0.9,31.552906562932296
0,100,0.25,0.25,0.1,0.5,0.5,0.5,0.5,0.5,0.5,30.178665874295216
0,100,0.25,0.25,0.1,0.5,0.5,0.8,0.5,0.5,0.5,30.54811637376668
0,100,0.25,0.25,0.1,0.5,0.5,0.5,0.5,0.5,0.75,29.675539524439163
0,100,0.25,0.25,0.1,0.5,0.5,0.5,0.5,0.5,0.9,30.983000701400375
0,100,0.25,0.25,0.1,0.5,0.5,0.8,0.5,0.5,0.75,30.327604182401377
0,100,0.25,0.25,0.1,0.5,0.5,0.8,0.5,0.5,0.9,30.9160931495809
0,100,0.25,0.25,0.25,0.5,0.1,0.2,0.5,0.5,0.5,31.984283905952907
0,100,0.25,0.25,0.25,0.5,0.1,0.5,0.5,0.5,0.5,30.94273158526043
0,100,0.25,0.25,0.25,0.5,0.1,0.2,0.5,0.5,0.75,32.32755803557139
0,100,0.25,0.25,0.25,0.5,0.1,0.2,0.5,0.5,0.9,32.65897715216239
0,100,0.25,0.25,0.25,0.5,0.1,0.5,0.5,0.5,0.75,31.78584837117946
0,100,0.25,0.25,0.25,0.5,0.1,0.5,0.5,0.5,0.9,31.602106120836012
0,100,0.25,0.25,0.25,0.5,0.1,0.8,0.5,0.5,0.5,31.00765033027929
0,100,0.25,0.25,0.25,0.5,0.1,0.8,0.5,0.5,0.75,31.812069341809956
0,100,0.25,0.25,0.25,0.5,0.1,0.8,0.5,0.5,0.9,31.024804083511764
0,100,0.25,0.25,0.25,0.5,0.25,0.2,0.5,0.5,0.75,32.075756772695094
0,100,0.25,0.25,0.25,0.5,0.25,0.5,0.5,0.5,0.5,31.501354881048922
0,100,0.25,0.25,0.25,0.5,0.25,0.2,0.5,0.5,0.5,32.51670055560828
0,100,0.25,0.25,0.25,0.5,0.25,0.2,0.5,0.5,0.9,33.542400562899935
0,100,0.25,0.25,0.25,0.5,0.25,0.5,0.5,0.5,0.75,31.597299094776343
0,100,0.25,0.25,0.25,0.5,0.25,0.5,0.5,0.5,0.9,31.651973451865434
0,100,0.25,0.25,0.25,0.5,0.25,0.8,0.5,0.5,0.5,30.490272043614908
0,100,0.25,0.25,0.25,0.5,0.25,0.8,0.5,0.5,0.75,30.774126378356556
0,100,0.25,0.25,0.25,0.5,0.25,0.8,0.5,0.5,0.9,30.81502390512753
0,100,0.25,0.25,0.25,0.5,0.5,0.2,0.5,0.5,0.5,31.161628823281138
0,100,0.25,0.25,0.25,0.5,0.5,0.2,0.5,0.5,0.75,31.957166599902607
0,100,0.25,0.25,0.25,0.5,0.5,0.5,0.5,0.5,0.5,29.985934250832923
0,100,0.25,0.25,0.25,0.5,0.5,0.2,0.5,0.5,0.9,32.56457323442647
0,100,0.25,0.25,0.25,0.5,0.5,0.5,0.5,0.5,0.75,31.770069572449597
0,100,0.25,0.25,0.25,0.5,0.5,0.8,0.5,0.5,0.5,30.275852034512905
0,100,0.25,0.25,0.25,0.5,0.5,0.5,0.5,0.5,0.9,31.310102934964064
0,100,0.25,0.25,0.25,0.5,0.5,0.8,0.5,0.5,0.75,30.505349521164394
0,100,0.25,0.25,0.25,0.5,0.5,0.8,0.5,0.5,0.9,31.08254804184419
0,100,0.25,0.25,0.5,0.5,0.1,0.2,0.5,0.5,0.5,32.083761256384115
0,100,0.25,0.25,0.5,0.5,0.1,0.2,0.5,0.5,0.75,30.134485425054987
0,100,0.25,0.25,0.5,0.5,0.1,0.5,0.5,0.5,0.5,31.4591652819164
0,100,0.25,0.25,0.5,0.5,0.1,0.2,0.5,0.5,0.9,32.35199174719639
0,100,0.25,0.25,0.5,0.5,0.1,0.8,0.5,0.5,0.5,29.482434233979756
0,100,0.25,0.25,0.5,0.5,0.1,0.5,0.5,0.5,0.75,31.690477938899818
0,100,0.25,0.25,0.5,0.5,0.1,0.5,0.5,0.5,0.9,30.922153184029536
0,100,0.25,0.25,0.5,0.5,0.1,0.8,0.5,0.5,0.75,31.27220151076524
0,100,0.25,0.25,0.5,0.5,0.1,0.8,0.5,0.5,0.9,30.790143769622535
0,100,0.25,0.25,0.5,0.5,0.25,0.2,0.5,0.5,0.5,30.639978105660457
0,100,0.25,0.25,0.5,0.5,0.25,0.5,0.5,0.5,0.5,31.398963033218248
0,100,0.25,0.25,0.5,0.5,0.25,0.2,0.5,0.5,0.75,32.59382068720506
0,100,0.25,0.25,0.5,0.5,0.25,0.2,0.5,0.5,0.9,31.655544459389972
0,100,0.25,0.25,0.5,0.5,0.25,0.5,0.5,0.5,0.75,31.200722730190833
0,100,0.25,0.25,0.5,0.5,0.25,0.5,0.5,0.5,0.9,31.921566654866382
0,100,0.25,0.25,0.5,0.5,0.25,0.8,0.5,0.5,0.5,30.484603541353426
0,100,0.25,0.25,0.5,0.5,0.25,0.8,0.5,0.5,0.75,32.02410039111828
0,100,0.25,0.25,0.5,0.5,0.25,0.8,0.5,0.5,0.9,30.5396535851355
0,100,0.25,0.25,0.5,0.5,0.5,0.2,0.5,0.5,0.5,29.8201056427696
0,100,0.25,0.25,0.5,0.5,0.5,0.2,0.5,0.5,0.75,30.94554135834353
0,100,0.25,0.25,0.5,0.5,0.5,0.5,0.5,0.5,0.5,28.968876570388773
0,100,0.25,0.25,0.5,0.5,0.5,0.2,0.5,0.5,0.9,31.3276653312526
0,100,0.25,0.25,0.5,0.5,0.5,0.5,0.5,0.5,0.9,29.164071442675475
0,100,0.25,0.25,0.5,0.5,0.5,0.5,0.5,0.5,0.75,29.73475337732069
0,100,0.25,0.25,0.5,0.5,0.5,0.8,0.5,0.5,0.5,29.44369775982626
0,100,0.25,0.25,0.5,0.5,0.5,0.8,0.5,0.5,0.75,32.03537716066881
0,100,0.25,0.25,0.5,0.5,0.5,0.8,0.5,0.5,0.9,30.577944099520465
0,100,0.25,0.5,0.1,0.5,0.1,0.2,0.5,0.5,0.5,31.923858831745303
0,100,0.25,0.5,0.1,0.5,0.1,0.5,0.5,0.5,0.5,30.39641623227385
0,100,0.25,0.5,0.1,0.5,0.1,0.5,0.5,0.5,0.75,30.210153452019725
0,100,0.25,0.5,0.1,0.5,0.1,0.2,0.5,0.5,0.75,32.76167163886958
0,100,0.25,0.5,0.1,0.5,0.1,0.2,0.5,0.5,0.9,31.325776387539566
0,100,0.25,0.5,0.1,0.5,0.1,0.8,0.5,0.5,0.5,29.94429910309877
0,100,0.25,0.5,0.1,0.5,0.1,0.5,0.5,0.5,0.9,30.970513050625424
0,100,0.25,0.5,0.1,0.5,0.1,0.8,0.5,0.5,0.9,30.84096142676447
0,100,0.25,0.5,0.1,0.5,0.1,0.8,0.5,0.5,0.75,31.104744661669304
0,100,0.25,0.5,0.1,0.5,0.25,0.2,0.5,0.5,0.5,32.56233750833339
0,100,0.25,0.5,0.1,0.5,0.25,0.5,0.5,0.5,0.5,30.452641585789397
0,100,0.25,0.5,0.1,0.5,0.25,0.2,0.5,0.5,0.75,31.41659695463169
0,100,0.25,0.5,0.1,0.5,0.25,0.2,0.5,0.5,0.9,31.908626553901502
0,100,0.25,0.5,0.1,0.5,0.25,0.8,0.5,0.5,0.5,29.68206315999059
0,100,0.25,0.5,0.1,0.5,0.25,0.5,0.5,0.5,0.75,30.330662190684716
0,100,0.25,0.5,0.1,0.5,0.25,0.5,0.5,0.5,0.9,31.38908130942239
0,100,0.25,0.5,0.1,0.5,0.25,0.8,0.5,0.5,0.75,30.784753762974436
0,100,0.25,0.5,0.1,0.5,0.25,0.8,0.5,0.5,0.9,31.29427352648427
0,100,0.25,0.5,0.1,0.5,0.5,0.2,0.5,0.5,0.5,31.026777952894065
0,100,0.25,0.5,0.1,0.5,0.5,0.2,0.5,0.5,0.75,31.84766016827804
0,100,0.25,0.5,0.1,0.5,0.5,0.5,0.5,0.5,0.5,30.16980508535246
0,100,0.25,0.5,0.1,0.5,0.5,0.2,0.5,0.5,0.9,32.04221097128562
0,100,0.25,0.5,0.1,0.5,0.5,0.5,0.5,0.5,0.75,29.631511309035314
0,100,0.25,0.5,0.1,0.5,0.5,0.8,0.5,0.5,0.5,30.43813565579774
0,100,0.25,0.5,0.1,0.5,0.5,0.5,0.5,0.5,0.9,29.986414603600263
0,100,0.25,0.5,0.1,0.5,0.5,0.8,0.5,0.5,0.75,29.803050050806746
0,100,0.25,0.5,0.1,0.5,0.5,0.8,0.5,0.5,0.9,30.122246177211252
0,100,0.25,0.5,0.25,0.5,0.1,0.2,0.5,0.5,0.75,31.240429622039347
0,100,0.25,0.5,0.25,0.5,0.1,0.2,0.5,0.5,0.5,31.529423255074487
0,100,0.25,0.5,0.25,0.5,0.1,0.2,0.5,0.5,0.9,31.184355807257898
0,100,0.25,0.5,0.25,0.5,0.1,0.5,0.5,0.5,0.5,30.625149091734396
0,100,0.25,0.5,0.25,0.5,0.1,0.8,0.5,0.5,0.5,30.051611400603903
0,100,0.25,0.5,0.25,0.5,0.1,0.5,0.5,0.5,0.75,31.92676420109255
0,100,0.25,0.5,0.25,0.5,0.1,0.5,0.5,0.5,0.9,30.89598856464259
0,100,0.25,0.5,0.25,0.5,0.1,0.8,0.5,0.5,0.75,31.08007156034199
0,100,0.25,0.5,0.25,0.5,0.1,0.8,0.5,0.5,0.9,30.561713160736574
0,100,0.25,0.5,0.25,0.5,0.25,0.2,0.5,0.5,0.5,31.312494120746777
0,100,0.25,0.5,0.25,0.5,0.25,0.2,0.5,0.5,0.75,32.41376165048903
0,100,0.25,0.5,0.25,0.5,0.25,0.5,0.5,0.5,0.5,30.90643116595091
0,100,0.25,0.5,0.25,0.5,0.25,0.2,0.5,0.5,0.9,31.750572580937547
0,100,0.25,0.5,0.25,0.5,0.25,0.5,0.5,0.5,0.75,30.854983183235603
0,100,0.25,0.5,0.25,0.5,0.25,0.5,0.5,0.5,0.9,31.154769411835403
0,100,0.25,0.5,0.25,0.5,0.25,0.8,0.5,0.5,0.5,30.43987635022745
0,100,0.25,0.5,0.25,0.5,0.25,0.8,0.5,0.5,0.75,30.908065072718557
0,100,0.25,0.5,0.25,0.5,0.25,0.8,0.5,0.5,0.9,30.400780714021128
0,100,0.25,0.5,0.25,0.5,0.5,0.2,0.5,0.5,0.5,30.525373240683763
0,100,0.25,0.5,0.25,0.5,0.5,0.2,0.5,0.5,0.75,31.564530328045105
0,100,0.25,0.5,0.25,0.5,0.5,0.2,0.5,0.5,0.9,31.796343469324565
0,100,0.25,0.5,0.25,0.5,0.5,0.5,0.5,0.5,0.5,30.14865743299443
0,100,0.25,0.5,0.25,0.5,0.5,0.8,0.5,0.5,0.5,28.21003543197739
0,100,0.25,0.5,0.25,0.5,0.5,0.5,0.5,0.5,0.75,30.103431169605432
0,100,0.25,0.5,0.25,0.5,0.5,0.5,0.5,0.5,0.9,31.02794989584171
0,100,0.25,0.5,0.25,0.5,0.5,0.8,0.5,0.5,0.75,30.025695116041963
0,100,0.25,0.5,0.25,0.5,0.5,0.8,0.5,0.5,0.9,28.99014795473269
0,100,0.25,0.5,0.5,0.5,0.1,0.5,0.5,0.5,0.5,29.557235789062627
0,100,0.25,0.5,0.5,0.5,0.1,0.2,0.5,0.5,0.5,30.217309413460764
0,100,0.25,0.5,0.5,0.5,0.1,0.2,0.5,0.5,0.75,32.085218262053154
0,100,0.25,0.5,0.5,0.5,0.1,0.5,0.5,0.5,0.75,31.65551097745123
0,100,0.25,0.5,0.5,0.5,0.1,0.2,0.5,0.5,0.9,31.441697340397923
0,100,0.25,0.5,0.5,0.5,0.1,0.8,0.5,0.5,0.5,30.327691820408322
0,100,0.25,0.5,0.5,0.5,0.1,0.5,0.5,0.5,0.9,30.503755724411977
0,100,0.25,0.5,0.5,0.5,0.1,0.8,0.5,0.5,0.75,31.11053287191059
0,100,0.25,0.5,0.5,0.5,0.1,0.8,0.5,0.5,0.9,30.66897836928977
0,100,0.25,0.5,0.5,0.5,0.25,0.5,0.5,0.5,0.5,29.271833879440653
0,100,0.25,0.5,0.5,0.5,0.25,0.2,0.5,0.5,0.5,29.558956110428312
0,100,0.25,0.5,0.5,0.5,0.25,0.5,0.5,0.5,0.75,30.03533523824498
0,100,0.25,0.5,0.5,0.5,0.25,0.2,0.5,0.5,0.75,30.09778831884203
0,100,0.25,0.5,0.5,0.5,0.25,0.2,0.5,0.5,0.9,31.508497816830957
0,100,0.25,0.5,0.5,0.5,0.25,0.8,0.5,0.5,0.5,30.115309016344895
0,100,0.25,0.5,0.5,0.5,0.25,0.5,0.5,0.5,0.9,30.055864380114958
0,100,0.25,0.5,0.5,0.5,0.25,0.8,0.5,0.5,0.75,31.178199827220197
0,100,0.25,0.5,0.5,0.5,0.5,0.2,0.5,0.5,0.5,28.950006121993567
0,100,0.25,0.5,0.5,0.5,0.25,0.8,0.5,0.5,0.9,29.37145228987779
0,100,0.25,0.5,0.5,0.5,0.5,0.2,0.5,0.5,0.75,30.47919582375788
0,100,0.25,0.5,0.5,0.5,0.5,0.2,0.5,0.5,0.9,31.50888775868441
0,100,0.25,0.5,0.5,0.5,0.5,0.5,0.5,0.5,0.5,29.677797181824065
0,100,0.25,0.5,0.5,0.5,0.5,0.5,0.5,0.5,0.75,29.377558581306783
0,100,0.25,0.5,0.5,0.5,0.5,0.8,0.5,0.5,0.5,28.319067950054603
0,100,0.25,0.5,0.5,0.5,0.5,0.5,0.5,0.5,0.9,29.951163143287136
0,100,0.25,0.5,0.5,0.5,0.5,0.8,0.5,0.5,0.75,28.622232266138074
0,100,0.5,0.1,0.1,0.5,0.1,0.2,0.5,0.5,0.5,31.810129449627805
0,100,0.25,0.5,0.5,0.5,0.5,0.8,0.5,0.5,0.9,29.64740270482355
0,100,0.5,0.1,0.1,0.5,0.1,0.2,0.5,0.5,0.75,32.36227884059757
0,100,0.5,0.1,0.1,0.5,0.1,0.5,0.5,0.5,0.5,31.84827776249242
0,100,0.5,0.1,0.1,0.5,0.1,0.2,0.5,0.5,0.9,32.75829989705236
0,100,0.5,0.1,0.1,0.5,0.1,0.5,0.5,0.5,0.75,31.766682206411726
0,100,0.5,0.1,0.1,0.5,0.1,0.5,0.5,0.5,0.9,30.851272407631658
0,100,0.5,0.1,0.1,0.5,0.1,0.8,0.5,0.5,0.5,31.394508885126253
0,100,0.5,0.1,0.1,0.5,0.1,0.8,0.5,0.5,0.75,31.2271416909425
0,100,0.5,0.1,0.1,0.5,0.1,0.8,0.5,0.5,0.9,31.009251905963925
0,100,0.5,0.1,0.1,0.5,0.25,0.2,0.5,0.5,0.75,32.33148402647006
0,100,0.5,0.1,0.1,0.5,0.25,0.2,0.5,0.5,0.5,32.207362079676145
0,100,0.5,0.1,0.1,0.5,0.25,0.5,0.5,0.5,0.5,31.315522821731033
0,100,0.5,0.1,0.1,0.5,0.25,0.5,0.5,0.5,0.75,32.4122230354386
0,100,0.5,0.1,0.1,0.5,0.25,0.2,0.5,0.5,0.9,32.5944726826021
0,100,0.5,0.1,0.1,0.5,0.25,0.5,0.5,0.5,0.9,30.46231272596475
0,100,0.5,0.1,0.1,0.5,0.25,0.8,0.5,0.5,0.5,29.264728787755825
0,100,0.5,0.1,0.1,0.5,0.25,0.8,0.5,0.5,0.75,29.70605400825885
0,100,0.5,0.1,0.1,0.5,0.25,0.8,0.5,0.5,0.9,31.461444837063414
0,100,0.5,0.1,0.1,0.5,0.5,0.2,0.5,0.5,0.75,31.963964963893527
0,100,0.5,0.1,0.1,0.5,0.5,0.2,0.5,0.5,0.5,31.724182994523364
0,100,0.5,0.1,0.1,0.5,0.5,0.5,0.5,0.5,0.5,30.374772753175602
0,100,0.5,0.1,0.1,0.5,0.5,0.2,0.5,0.5,0.9,30.98204000345181
0,100,0.5,0.1,0.1,0.5,0.5,0.5,0.5,0.5,0.75,30.111614447223456
0,100,0.5,0.1,0.1,0.5,0.5,0.8,0.5,0.5,0.5,30.40058313666279
0,100,0.5,0.1,0.1,0.5,0.5,0.5,0.5,0.5,0.9,30.241468269150058
0,100,0.5,0.1,0.1,0.5,0.5,0.8,0.5,0.5,0.75,30.15413633629832
0,100,0.5,0.1,0.1,0.5,0.5,0.8,0.5,0.5,0.9,30.037684947324504
0,100,0.5,0.1,0.25,0.5,0.1,0.2,0.5,0.5,0.5,32.17755603054071
0,100,0.5,0.1,0.25,0.5,0.1,0.2,0.5,0.5,0.75,31.608087747801704
0,100,0.5,0.1,0.25,0.5,0.1,0.5,0.5,0.5,0.5,31.362500960616128
0,100,0.5,0.1,0.25,0.5,0.1,0.2,0.5,0.5,0.9,31.699722990498127
0,100,0.5,0.1,0.25,0.5,0.1,0.5,0.5,0.5,0.75,31.288130138970928
0,100,0.5,0.1,0.25,0.5,0.1,0.8,0.5,0.5,0.5,31.448259250111686
0,100,0.5,0.1,0.25,0.5,0.1,0.5,0.5,0.5,0.9,32.35958373516156
0,100,0.5,0.1,0.25,0.5,0.1,0.8,0.5,0.5,0.75,31.394145679610514
0,100,0.5,0.1,0.25,0.5,0.1,0.8,0.5,0.5,0.9,31.218659567191214
0,100,0.5,0.1,0.25,0.5,0.25,0.5,0.5,0.5,0.5,30.60357873133758
0,100,0.5,0.1,0.25,0.5,0.25,0.2,0.5,0.5,0.5,31.055912057958466
0,100,0.5,0.1,0.25,0.5,0.25,0.2,0.5,0.5,0.9,33.01361436102102
0,100,0.5,0.1,0.25,0.5,0.25,0.2,0.5,0.5,0.75,32.79366143570444
0,100,0.5,0.1,0.25,0.5,0.25,0.5,0.5,0.5,0.75,30.964219924745976
0,100,0.5,0.1,0.25,0.5,0.25,0.8,0.5,0.5,0.5,29.725934341831433
0,100,0.5,0.1,0.25,0.5,0.25,0.5,0.5,0.5,0.9,31.76246450634083
0,100,0.5,0.1,0.25,0.5,0.25,0.8,0.5,0.5,0.9,30.401315406605676
0,100,0.5,0.1,0.25,0.5,0.25,0.8,0.5,0.5,0.75,30.711536368413153
0,100,0.5,0.1,0.25,0.5,0.5,0.2,0.5,0.5,0.5,30.783350089507707
0,100,0.5,0.1,0.25,0.5,0.5,0.2,0.5,0.5,0.75,31.38759967135447
0,100,0.5,0.1,0.25,0.5,0.5,0.2,0.5,0.5,0.9,31.699635614454376
0,100,0.5,0.1,0.25,0.5,0.5,0.5,0.5,0.5,0.5,29.042185524184674
0,100,0.5,0.1,0.25,0.5,0.5,0.5,0.5,0.5,0.75,30.157270087728374
0,100,0.5,0.1,0.25,0.5,0.5,0.5,0.5,0.5,0.9,30.62125591766592
0,100,0.5,0.1,0.25,0.5,0.5,0.8,0.5,0.5,0.5,28.886589232569463
0,100,0.5,0.1,0.25,0.5,0.5,0.8,0.5,0.5,0.75,29.433547010937662
0,100,0.5,0.1,0.25,0.5,0.5,0.8,0.5,0.5,0.9,29.63796026145704
0,100,0.5,0.1,0.5,0.5,0.1,0.2,0.5,0.5,0.75,30.896041137620568
0,100,0.5,0.1,0.5,0.5,0.1,0.2,0.5,0.5,0.5,30.563035291255044
0,100,0.5,0.1,0.5,0.5,0.1,0.5,0.5,0.5,0.5,30.986692307990463
0,100,0.5,0.1,0.5,0.5,0.1,0.5,0.5,0.5,0.75,29.97536017872602
0,100,0.5,0.1,0.5,0.5,0.1,0.2,0.5,0.5,0.9,30.984781871307245
0,100,0.5,0.1,0.5,0.5,0.1,0.5,0.5,0.5,0.9,31.760087741212004
0,100,0.5,0.1,0.5,0.5,0.1,0.8,0.5,0.5,0.75,30.85837823447066
0,100,0.5,0.1,0.5,0.5,0.1,0.8,0.5,0.5,0.5,30.26715885967297
0,100,0.5,0.1,0.5,0.5,0.1,0.8,0.5,0.5,0.9,29.5482244313399
0,100,0.5,0.1,0.5,0.5,0.25,0.2,0.5,0.5,0.5,30.580346109463857
0,100,0.5,0.1,0.5,0.5,0.25,0.2,0.5,0.5,0.9,32.06658978689337
0,100,0.5,0.1,0.5,0.5,0.25,0.5,0.5,0.5,0.5,29.456858336658943
0,100,0.5,0.1,0.5,0.5,0.25,0.2,0.5,0.5,0.75,31.36555248632182
0,100,0.5,0.1,0.5,0.5,0.25,0.5,0.5,0.5,0.75,29.745245872178838
0,100,0.5,0.1,0.5,0.5,0.25,0.5,0.5,0.5,0.9,30.513975124059026
0,100,0.5,0.1,0.5,0.5,0.25,0.8,0.5,0.5,0.5,30.44356775089169
0,100,0.5,0.1,0.5,0.5,0.25,0.8,0.5,0.5,0.75,29.21981951927943
0,100,0.5,0.1,0.5,0.5,0.25,0.8,0.5,0.5,0.9,30.686503970690293
0,100,0.5,0.1,0.5,0.5,0.5,0.2,0.5,0.5,0.5,28.88934249711127
0,100,0.5,0.1,0.5,0.5,0.5,0.2,0.5,0.5,0.9,31.466859734227217
0,100,0.5,0.1,0.5,0.5,0.5,0.2,0.5,0.5,0.75,31.601316204931738
0,100,0.5,0.1,0.5,0.5,0.5,0.5,0.5,0.5,0.5,28.515595670565208
0,100,0.5,0.1,0.5,0.5,0.5,0.5,0.5,0.5,0.75,29.188838015736547
0,100,0.5,0.1,0.5,0.5,0.5,0.8,0.5,0.5,0.5,29.35723020063757
0,100,0.5,0.1,0.5,0.5,0.5,0.8,0.5,0.5,0.75,31.212426318147863
0,100,0.5,0.1,0.5,0.5,0.5,0.5,0.5,0.5,0.9,30.732485674830997
0,100,0.5,0.1,0.5,0.5,0.5,0.8,0.5,0.5,0.9,28.29268217041917
0,100,0.5,0.25,0.1,0.5,0.1,0.2,0.5,0.5,0.5,31.908131663456402
0,100,0.5,0.25,0.1,0.5,0.1,0.2,0.5,0.5,0.9,31.86348761959378
0,100,0.5,0.25,0.1,0.5,0.1,0.2,0.5,0.5,0.75,32.16565005745957
0,100,0.5,0.25,0.1,0.5,0.1,0.5,0.5,0.5,0.5,31.809967321922567
0,100,0.5,0.25,0.1,0.5,0.1,0.5,0.5,0.5,0.75,31.109297683610745
0,100,0.5,0.25,0.1,0.5,0.1,0.5,0.5,0.5,0.9,30.720448689250176
0,100,0.5,0.25,0.1,0.5,0.1,0.8,0.5,0.5,0.5,30.747743080682767
0,100,0.5,0.25,0.1,0.5,0.1,0.8,0.5,0.5,0.75,29.85277980461039
0,100,0.5,0.25,0.1,0.5,0.1,0.8,0.5,0.5,0.9,30.684522982903676
0,100,0.5,0.25,0.1,0.5,0.25,0.2,0.5,0.5,0.5,30.80826719452106
0,100,0.5,0.25,0.1,0.5,0.25,0.5,0.5,0.5,0.5,31.14398650697166
0,100,0.5,0.25,0.1,0.5,0.25,0.2,0.5,0.5,0.75,31.4498789071406
0,100,0.5,0.25,0.1,0.5,0.25,0.5,0.5,0.5,0.75,30.89860585139498
0,100,0.5,0.25,0.1,0.5,0.25,0.2,0.5,0.5,0.9,31.519934873903694
0,100,0.5,0.25,0.1,0.5,0.25,0.8,0.5,0.5,0.5,29.251050770968636
0,100,0.5,0.25,0.1,0.5,0.25,0.5,0.5,0.5,0.9,31.142559516791323
0,100,0.5,0.25,0.1,0.5,0.25,0.8,0.5,0.5,0.75,30.00497809399016
0,100,0.5,0.25,0.1,0.5,0.25,0.8,0.5,0.5,0.9,29.95141827706601
0,100,0.5,0.25,0.1,0.5,0.5,0.2,0.5,0.5,0.5,29.981125091739585
0,100,0.5,0.25,0.1,0.5,0.5,0.2,0.5,0.5,0.9,30.90670058287137
0,100,0.5,0.25,0.1,0.5,0.5,0.2,0.5,0.5,0.75,30.36760538443278
0,100,0.5,0.25,0.1,0.5,0.5,0.5,0.5,0.5,0.5,28.97009525673027
0,100,0.5,0.25,0.1,0.5,0.5,0.5,0.5,0.5,0.75,29.76295661006438
0,100,0.5,0.25,0.1,0.5,0.5,0.8,0.5,0.5,0.5,28.113086438241154
0,100,0.5,0.25,0.1,0.5,0.5,0.5,0.5,0.5,0.9,29.617358205222644
0,100,0.5,0.25,0.1,0.5,0.5,0.8,0.5,0.5,0.75,29.978700975696665
0,100,0.5,0.25,0.1,0.5,0.5,0.8,0.5,0.5,0.9,30.920672508170316
0,100,0.5,0.25,0.25,0.5,0.1,0.2,0.5,0.5,0.5,31.48634747959815
0,100,0.5,0.25,0.25,0.5,0.1,0.5,0.5,0.5,0.5,30.563757520101053
0,100,0.5,0.25,0.25,0.5,0.1,0.2,0.5,0.5,0.75,31.75118408653542
0,100,0.5,0.25,0.25,0.5,0.1,0.5,0.5,0.5,0.75,30.208073741978854
0,100,0.5,0.25,0.25,0.5,0.1,0.2,0.5,0.5,0.9,31.77719651656867
0,100,0.5,0.25,0.25,0.5,0.1,0.8,0.5,0.5,0.5,31.318213841921665
0,100,0.5,0.25,0.25,0.5,0.1,0.5,0.5,0.5,0.9,31.460221893836863
0,100,0.5,0.25,0.25,0.5,0.1,0.8,0.5,0.5,0.75,30.149381909294643
0,100,0.5,0.25,0.25,0.5,0.1,0.8,0.5,0.5,0.9,30.525965928813807
0,100,0.5,0.25,0.25,0.5,0.25,0.2,0.5,0.5,0.5,31.53629721821819
0,100,0.5,0.25,0.25,0.5,0.25,0.2,0.5,0.5,0.9,31.712848316746847
0,100,0.5,0.25,0.25,0.5,0.25,0.2,0.5,0.5,0.75,32.12571444790286
0,100,0.5,0.25,0.25,0.5,0.25,0.5,0.5,0.5,0.5,31.021625495713135
0,100,0.5,0.25,0.25,0.5,0.25,0.5,0.5,0.5,0.75,31.07515303690639
0,100,0.5,0.25,0.25,0.5,0.25,0.5,0.5,0.5,0.9,31.16803745837605
0,100,0.5,0.25,0.25,0.5,0.25,0.8,0.5,0.5,0.5,29.676258215298233
0,100,0.5,0.25,0.25,0.5,0.25,0.8,0.5,0.5,0.75,31.1796648483549
0,100,0.5,0.25,0.25,0.5,0.25,0.8,0.5,0.5,0.9,31.45535771801274
0,100,0.5,0.25,0.25,0.5,0.5,0.2,0.5,0.5,0.5,30.830838762787362
0,100,0.5,0.25,0.25,0.5,0.5,0.2,0.5,0.5,0.75,31.618985921681087
0,100,0.5,0.25,0.25,0.5,0.5,0.5,0.5,0.5,0.5,29.84992060459501
0,100,0.5,0.25,0.25,0.5,0.5,0.2,0.5,0.5,0.9,30.984453128859144
0,100,0.5,0.25,0.25,0.5,0.5,0.8,0.5,0.5,0.5,28.284496049191787
0,100,0.5,0.25,0.25,0.5,0.5,0.5,0.5,0.5,0.75,29.529058376051996
0,100,0.5,0.25,0.25,0.5,0.5,0.5,0.5,0.5,0.9,29.56339992674182
0,100,0.5,0.25,0.25,0.5,0.5,0.8,0.5,0.5,0.75,30.135293044045053
0,100,0.5,0.25,0.25,0.5,0.5,0.8,0.5,0.5,0.9,29.029242504948105
0,100,0.5,0.25,0.5,0.5,0.1,0.2,0.5,0.5,0.5,32.59192862939416
0,100,0.5,0.25,0.5,0.5,0.1,0.2,0.5,0.5,0.75,30.722445646137245
0,100,0.5,0.25,0.5,0.5,0.1,0.5,0.5,0.5,0.5,30.56350024680293
0,100,0.5,0.25,0.5,0.5,0.1,0.5,0.5,0.5,0.75,30.667808009874268
0,100,0.5,0.25,0.5,0.5,0.1,0.2,0.5,0.5,0.9,31.25554171713988
0,100,0.5,0.25,0.5,0.5,0.1,0.5,0.5,0.5,0.9,30.504152537882465
0,100,0.5,0.25,0.5,0.5,0.1,0.8,0.5,0.5,0.5,30.627972701170762
0,100,0.5,0.25,0.5,0.5,0.1,0.8,0.5,0.5,0.75,30.636301653178137
0,100,0.5,0.25,0.5,0.5,0.1,0.8,0.5,0.5,0.9,29.822344726982482
0,100,0.5,0.25,0.5,0.5,0.25,0.5,0.5,0.5,0.5,29.93629103071008
0,100,0.5,0.25,0.5,0.5,0.25,0.2,0.5,0.5,0.5,31.488424673758757
0,100,0.5,0.25,0.5,0.5,0.25,0.2,0.5,0.5,0.75,30.846166882422796
0,100,0.5,0.25,0.5,0.5,0.25,0.2,0.5,0.5,0.9,31.28729898840149
0,100,0.5,0.25,0.5,0.5,0.25,0.5,0.5,0.5,0.75,29.577235920131145
0,100,0.5,0.25,0.5,0.5,0.25,0.8,0.5,0.5,0.5,29.153169206699513
0,100,0.5,0.25,0.5,0.5,0.25,0.5,0.5,0.5,0.9,30.53930087174554
0,100,0.5,0.25,0.5,0.5,0.25,0.8,0.5,0.5,0.75,30.245362696041326
0,100,0.5,0.25,0.5,0.5,0.25,0.8,0.5,0.5,0.9,29.806934272165606
0,100,0.5,0.25,0.5,0.5,0.5,0.2,0.5,0.5,0.5,30.32270949674579
0,100,0.5,0.25,0.5,0.5,0.5,0.5,0.5,0.5,0.5,28.99903385413099
0,100,0.5,0.25,0.5,0.5,0.5,0.2,0.5,0.5,0.9,30.04904860057141
0,100,0.5,0.25,0.5,0.5,0.5,0.2,0.5,0.5,0.75,30.836239095898495
0,100,0.5,0.25,0.5,0.5,0.5,0.5,0.5,0.5,0.75,29.455841144765717
0,100,0.5,0.25,0.5,0.5,0.5,0.5,0.5,0.5,0.9,29.285618698109705
0,100,0.5,0.25,0.5,0.5,0.5,0.8,0.5,0.5,0.5,28.273521245922648
0,100,0.5,0.25,0.5,0.5,0.5,0.8,0.5,0.5,0.75,29.450539616467392
0,100,0.5,0.25,0.5,0.5,0.5,0.8,0.5,0.5,0.9,29.351906339326288
0,100,0.5,0.5,0.1,0.5,0.1,0.2,0.5,0.5,0.5,31.022689720761026
0,100,0.5,0.5,0.1,0.5,0.1,0.5,0.5,0.5,0.5,29.807245918625814
0,100,0.5,0.5,0.1,0.5,0.1,0.2,0.5,0.5,0.75,31.301825949211167
0,100,0.5,0.5,0.1,0.5,0.1,0.5,0.5,0.5,0.75,30.087683208014308
0,100,0.5,0.5,0.1,0.5,0.1,0.2,0.5,0.5,0.9,31.359596639798912
0,100,0.5,0.5,0.1,0.5,0.1,0.8,0.5,0.5,0.5,29.76896339155366
0,100,0.5,0.5,0.1,0.5,0.1,0.5,0.5,0.5,0.9,30.54903572477293
0,100,0.5,0.5,0.1,0.5,0.1,0.8,0.5,0.5,0.75,30.214033402522812
0,100,0.5,0.5,0.1,0.5,0.1,0.8,0.5,0.5,0.9,29.920905755650214
0,100,0.5,0.5,0.1,0.5,0.25,0.2,0.5,0.5,0.5,31.491694341488238
0,100,0.5,0.5,0.1,0.5,0.25,0.2,0.5,0.5,0.9,30.982330883444295
0,100,0.5,0.5,0.1,0.5,0.25,0.2,0.5,0.5,0.75,31.37270303680728
0,100,0.5,0.5,0.1,0.5,0.25,0.5,0.5,0.5,0.5,28.828427659850544
0,100,0.5,0.5,0.1,0.5,0.25,0.5,0.5,0.5,0.75,29.91668174497074
0,100,0.5,0.5,0.1,0.5,0.25,0.5,0.5,0.5,0.9,29.462831205197727
0,100,0.5,0.5,0.1,0.5,0.25,0.8,0.5,0.5,0.5,28.87579526082266
0,100,0.5,0.5,0.1,0.5,0.25,0.8,0.5,0.5,0.75,29.08100153574028
0,100,0.5,0.5,0.1,0.5,0.25,0.8,0.5,0.5,0.9,30.03768755228462
0,100,0.5,0.5,0.1,0.5,0.5,0.2,0.5,0.5,0.5,28.865916339992577
0,100,0.5,0.5,0.1,0.5,0.5,0.2,0.5,0.5,0.75,29.529839938339748
0,100,0.5,0.5,0.1,0.5,0.5,0.2,0.5,0.5,0.9,29.39294312039777
0,100,0.5,0.5,0.1,0.5,0.5,0.5,0.5,0.5,0.5,29.525051767220486
0,100,0.5,0.5,0.1,0.5,0.5,0.5,0.5,0.5,0.75,28.279062263534797
0,100,0.5,0.5,0.1,0.5,0.5,0.5,0.5,0.5,0.9,30.867003921820025
0,100,0.5,0.5,0.1,0.5,0.5,0.8,0.5,0.5,0.5,27.159107388119125
0,100,0.5,0.5,0.1,0.5,0.5,0.8,0.5,0.5,0.75,28.85080446808445
0,100,0.5,0.5,0.1,0.5,0.5,0.8,0.5,0.5,0.9,30.36117935208
0,100,0.5,0.5,0.25,0.5,0.1,0.2,0.5,0.5,0.5,30.258716179180112
0,100,0.5,0.5,0.25,0.5,0.1,0.2,0.5,0.5,0.75,31.25249869044815
0,100,0.5,0.5,0.25,0.5,0.1,0.5,0.5,0.5,0.5,30.60849450005701
0,100,0.5,0.5,0.25,0.5,0.1,0.2,0.5,0.5,0.9,31.280962085199032
0,100,0.5,0.5,0.25,0.5,0.1,0.5,0.5,0.5,0.75,30.20628630154071
0,100,0.5,0.5,0.25,0.5,0.1,0.8,0.5,0.5,0.5,30.354653090714617
0,100,0.5,0.5,0.25,0.5,0.1,0.5,0.5,0.5,0.9,29.75193301618826
0,100,0.5,0.5,0.25,0.5,0.1,0.8,0.5,0.5,0.75,29.162150191174632
0,100,0.5,0.5,0.25,0.5,0.1,0.8,0.5,0.5,0.9,29.979334468636978
0,100,0.5,0.5,0.25,0.5,0.25,0.2,0.5,0.5,0.5,30.454324651024802
0,100,0.5,0.5,0.25,0.5,0.25,0.5,0.5,0.5,0.5,29.6258142339254
0,100,0.5,0.5,0.25,0.5,0.25,0.2,0.5,0.5,0.9,30.480907671796047
0,100,0.5,0.5,0.25,0.5,0.25,0.2,0.5,0.5,0.75,30.320090841016462
0,100,0.5,0.5,0.25,0.5,0.25,0.5,0.5,0.5,0.75,30.55979182875572
0,100,0.5,0.5,0.25,0.5,0.25,0.5,0.5,0.5,0.9,30.70051698068258
0,100,0.5,0.5,0.25,0.5,0.25,0.8,0.5,0.5,0.5,29.614018129495495
0,100,0.5,0.5,0.25,0.5,0.25,0.8,0.5,0.5,0.75,31.01960057349551
0,100,0.5,0.5,0.25,0.5,0.25,0.8,0.5,0.5,0.9,29.210103000320316
0,100,0.5,0.5,0.25,0.5,0.5,0.2,0.5,0.5,0.5,29.22595626361623
0,100,0.5,0.5,0.25,0.5,0.5,0.2,0.5,0.5,0.75,30.18168226463811
0,100,0.5,0.5,0.25,0.5,0.5,0.2,0.5,0.5,0.9,30.358030849537446
0,100,0.5,0.5,0.25,0.5,0.5,0.5,0.5,0.5,0.5,28.193676424009382
0,100,0.5,0.5,0.25,0.5,0.5,0.5,0.5,0.5,0.75,28.812759099710846
0,100,0.5,0.5,0.25,0.5,0.5,0.8,0.5,0.5,0.5,28.8039637309861
0,100,0.5,0.5,0.25,0.5,0.5,0.8,0.5,0.5,0.75,29.19994293363909
0,100,0.5,0.5,0.25,0.5,0.5,0.5,0.5,0.5,0.9,28.94566687261471
0,100,0.5,0.5,0.25,0.5,0.5,0.8,0.5,0.5,0.9,29.36985967721006
0,100,0.5,0.5,0.5,0.5,0.1,0.2,0.5,0.5,0.5,29.978089970201854
0,100,0.5,0.5,0.5,0.5,0.1,0.2,0.5,0.5,0.75,30.214354555666393
0,100,0.5,0.5,0.5,0.5,0.1,0.5,0.5,0.5,0.5,28.616567030032673
0,100,0.5,0.5,0.5,0.5,0.1,0.5,0.5,0.5,0.75,30.13541042893168
0,100,0.5,0.5,0.5,0.5,0.1,0.8,0.5,0.5,0.5,30.85305779914097
0,100,0.5,0.5,0.5,0.5,0.1,0.5,0.5,0.5,0.9,29.678539981850793
0,100,0.5,0.5,0.5,0.5,0.1,0.2,0.5,0.5,0.9,30.659814610954033
0,100,0.5,0.5,0.5,0.5,0.1,0.8,0.5,0.5,0.75,29.701068599412594
0,100,0.5,0.5,0.5,0.5,0.1,0.8,0.5,0.5,0.9,29.885104123675376
0,100,0.5,0.5,0.5,0.5,0.25,0.2,0.5,0.5,0.75,30.135990250605534
0,100,0.5,0.5,0.5,0.5,0.25,0.2,0.5,0.5,0.5,29.548087801265172
0,100,0.5,0.5,0.5,0.5,0.25,0.5,0.5,0.5,0.75,29.05114680640474
0,100,0.5,0.5,0.5,0.5,0.25,0.5,0.5,0.5,0.5,28.892110145935533
0,100,0.5,0.5,0.5,0.5,0.25,0.2,0.5,0.5,0.9,30.681054784456602
0,100,0.5,0.5,0.5,0.5,0.25,0.5,0.5,0.5,0.9,29.51783236832311
0,100,0.5,0.5,0.5,0.5,0.25,0.8,0.5,0.5,0.75,28.123767418086558
0,100,0.5,0.5,0.5,0.5,0.25,0.8,0.5,0.5,0.5,29.019222330569676
0,100,0.5,0.5,0.5,0.5,0.25,0.8,0.5,0.5,0.9,28.486678961823742
0,100,0.5,0.5,0.5,0.5,0.5,0.2,0.5,0.5,0.5,28.561864241832684
0,100,0.5,0.5,0.5,0.5,0.5,0.2,0.5,0.5,0.75,29.13902242545409
0,100,0.5,0.5,0.5,0.5,0.5,0.2,0.5,0.5,0.9,30.224281400899002
0,100,0.5,0.5,0.5,0.5,0.5,0.5,0.5,0.5,0.5,27.690509289109475
0,100,0.5,0.5,0.5,0.5,0.5,0.5,0.5,0.5,0.75,28.286346237804196
0,100,0.5,0.5,0.5,0.5,0.5,0.8,0.5,0.5,0.5,27.63096587268147
0,100,0.5,0.5,0.5,0.5,0.5,0.5,0.5,0.5,0.9,27.800600849285406
0,100,0.5,0.5,0.5,0.5,0.5,0.8,0.5,0.5,0.75,28.528358797549732
0,100,0.5,0.5,0.5,0.5,0.5,0.8,0.5,0.5,0.9,27.64260922684963
1,100,0.1,0.1,0.1,0.5,0.1,0.2,0.5,0.5,0.5,34.330624775940755
1,100,0.1,0.1,0.1,0.5,0.1,0.2,0.5,0.5,0.75,33.71221222418727
1,100,0.1,0.1,0.1,0.5,0.1,0.5,0.5,0.5,0.5,33.97920198543414
1,100,0.1,0.1,0.1,0.5,0.1,0.2,0.5,0.5,0.9,33.71414853667891
1,100,0.1,0.1,0.1,0.5,0.1,0.5,0.5,0.5,0.75,33.081101050483234
1,100,0.1,0.1,0.1,0.5,0.1,0.8,0.5,0.5,0.5,33.848116175737935
1,100,0.1,0.1,0.1,0.5,0.1,0.8,0.5,0.5,0.75,32.26065582460742
1,100,0.1,0.1,0.1,0.5,0.1,0.5,0.5,0.5,0.9,34.274936250595324
1,100,0.1,0.1,0.1,0.5,0.1,0.8,0.5,0.5,0.9,33.64334185701969
1,100,0.1,0.1,0.1,0.5,0.25,0.2,0.5,0.5,0.5,35.55768064731573
1,100,0.1,0.1,0.1,0.5,0.25,0.2,0.5,0.5,0.9,34.96161681394299
1,100,0.1,0.1,0.1,0.5,0.25,0.2,0.5,0.5,0.75,35.10689981196988
1,100,0.1,0.1,0.1,0.5,0.25,0.5,0.5,0.5,0.5,34.461767222552105
1,100,0.1,0.1,0.1,0.5,0.25,0.5,0.5,0.5,0.75,35.54813364826084
1,100,0.1,0.1,0.1,0.5,0.25,0.5,0.5,0.5,0.9,35.050465831060336
1,100,0.1,0.1,0.1,0.5,0.25,0.8,0.5,0.5,0.5,33.55175347002586
1,100,0.1,0.1,0.1,0.5,0.25,0.8,0.5,0.5,0.75,32.871491370978354
1,100,0.1,0.1,0.1,0.5,0.25,0.8,0.5,0.5,0.9,34.778044850469634
1,100,0.1,0.1,0.1,0.5,0.5,0.2,0.5,0.5,0.5,35.18622756537542
1,100,0.1,0.1,0.1,0.5,0.5,0.5,0.5,0.5,0.5,33.6585019942788
1,100,0.1,0.1,0.1,0.5,0.5,0.2,0.5,0.5,0.75,35.12243261518908
1,100,0.1,0.1,0.1,0.5,0.5,0.2,0.5,0.5,0.9,34.635952044292075
1,100,0.1,0.1,0.1,0.5,0.5,0.5,0.5,0.5,0.75,33.63245454821793
1,100,0.1,0.1,0.1,0.5,0.5,0.5,0.5,0.5,0.9,35.03360010734954
1,100,0.1,0.1,0.1,0.5,0.5,0.8,0.5,0.5,0.5,33.7211680075308
1,100,0.1,0.1,0.1,0.5,0.5,0.8,0.5,0.5,0.75,32.668611417291366
1,100,0.1,0.1,0.1,0.5,0.5,0.8,0.5,0.5,0.9,32.6157276901042
1,100,0.1,0.1,0.25,0.5,0.1,0.2,0.5,0.5,0.5,34.360572468780084
1,100,0.1,0.1,0.25,0.5,0.1,0.2,0.5,0.5,0.75,34.229030393861
1,100,0.1,0.1,0.25,0.5,0.1,0.2,0.5,0.5,0.9,34.58229593009494
1,100,0.1,0.1,0.25,0.5,0.1,0.5,0.5,0.5,0.5,32.80185211256713
1,100,0.1,0.1,0.25,0.5,0.1,0.5,0.5,0.5,0.75,33.96079598929462
1,100,0.1,0.1,0.25,0.5,0.1,0.5,0.5,0.5,0.9,34.24930309055873
1,100,0.1,0.1,0.25,0.5,0.1,0.8,0.5,0.5,0.5,34.84137347623629
1,100,0.1,0.1,0.25,0.5,0.1,0.8,0.5,0.5,0.75,31.855775996710943
1,100,0.1,0.1,0.25,0.5,0.1,0.8,0.5,0.5,0.9,32.89210564959459
1,100,0.1,0.1,0.25,0.5,0.25,0.2,0.5,0.5,0.5,33.21766448625334
1,100,0.1,0.1,0.25,0.5,0.25,0.2,0.5,0.5,0.75,35.078505689562
1,100,0.1,0.1,0.25,0.5,0.25,0.5,0.5,0.5,0.5,34.61070191307568
1,100,0.1,0.1,0.25,0.5,0.25,0.2,0.5,0.5,0.9,34.56445304418785
1,100,0.1,0.1,0.25,0.5,0.25,0.5,0.5,0.5,0.75,35.769850282620844
1,100,0.1,0.1,0.25,0.5,0.25,0.5,0.5,0.5,0.9,34.570996870567654
1,100,0.1,0.1,0.25,0.5,0.25,0.8,0.5,0.5,0.5,33.471188006470406
1,100,0.1,0.1,0.25,0.5,0.25,0.8,0.5,0.5,0.75,33.33536452119516
1,100,0.1,0.1,0.25,0.5,0.25,0.8,0.5,0.5,0.9,34.14401307687174
1,100,0.1,0.1,0.25,0.5,0.5,0.2,0.5,0.5,0.75,34.74575186704784
1,100,0.1,0.1,0.25,0.5,0.5,0.2,0.5,0.5,0.5,34.560393901244424
1,100,0.1,0.1,0.25,0.5,0.5,0.2,0.5,0.5,0.9,33.6324905903048
1,100,0.1,0.1,0.25,0.5,0.5,0.5,0.5,0.5,0.5,33.654284511521304
1,100,0.1,0.1,0.25,0.5,0.5,0.5,0.5,0.5,0.75,33.66920532155193
1,100,0.1,0.1,0.25,0.5,0.5,0.5,0.5,0.5,0.9,34.51355745575403
1,100,0.1,0.1,0.25,0.5,0.5,0.8,0.5,0.5,0.5,33.384104743917355
1,100,0.1,0.1,0.25,0.5,0.5,0.8,0.5,0.5,0.9,32.62581929432073
1,100,0.1,0.1,0.25,0.5,0.5,0.8,0.5,0.5,0.75,33.309933823397635
1,100,0.1,0.1,0.5,0.5,0.1,0.2,0.5,0.5,0.5,33.587467154916986
1,100,0.1,0.1,0.5,0.5,0.1,0.2,0.5,0.5,0.75,33.759841657289925
1,100,0.1,0.1,0.5,0.5,0.1,0.5,0.5,0.5,0.5,32.218726369185866
1,100,0.1,0.1,0.5,0.5,0.1,0.2,0.5,0.5,0.9,34.37089653470651
1,100,0.1,0.1,0.5,0.5,0.1,0.5,0.5,0.5,0.75,33.77000269909502
1,100,0.1,0.1,0.5,0.5,0.1,0.8,0.5,0.5,0.5,32.742289147432835
1,100,0.1,0.1,0.5,0.5,0.1,0.5,0.5,0.5,0.9,32.06900236029009
1,100,0.1,0.1,0.5,0.5,0.1,0.8,0.5,0.5,0.75,31.22141132683069
1,100,0.1,0.1,0.5,0.5,0.1,0.8,0.5,0.5,0.9,31.816366496173178
1,100,0.1,0.1,0.5,0.5,0.25,0.2,0.5,0.5,0.5,33.810837960473265
1,100,0.1,0.1,0.5,0.5,0.25,0.2,0.5,0.5,0.75,34.89877680408418
1,100,0.1,0.1,0.5,0.5,0.25,0.5,0.5,0.5,0.5,31.849318121387828
1,100,0.1,0.1,0.5,0.5,0.25,0.5,0.5,0.5,0.75,35.040051002492454
1,100,0.1,0.1,0.5,0.5,0.25,0.2,0.5,0.5,0.9,34.82424507789526
1,100,0.1,0.1,0.5,0.5,0.25,0.5,0.5,0.5,0.9,33.1473963389478
1,100,0.1,0.1,0.5,0.5,0.25,0.8,0.5,0.5,0.5,31.800485440128615
1,100,0.1,0.1,0.5,0.5,0.25,0.8,0.5,0.5,0.75,31.71977836579656
1,100,0.1,0.1,0.5,0.5,0.25,0.8,0.5,0.5,0.9,33.70721944177949
1,100,0.1,0.1,0.5,0.5,0.5,0.2,0.5,0.5,0.5,33.56495569537698
1,100,0.1,0.1,0.5,0.5,0.5,0.2,0.5,0.5,0.75,33.97025799381948
1,100,0.1,0.1,0.5,0.5,0.5,0.5,0.5,0.5,0.5,33.238043314408195
1,100,0.1,0.1,0.5,0.5,0.5,0.5,0.5,0.5,0.75,32.693481929446854
1,100,0.1,0.1,0.5,0.5,0.5,0.2,0.5,0.5,0.9,34.08345604445258
1,100,0.1,0.1,0.5,0.5,0.5,0.8,0.5,0.5,0.5,32.25803028613657
1,100,0.1,0.1,0.5,0.5,0.5,0.5,0.5,0.5,0.9,31.77065187835707
1,100,0.1,0.1,0.5,0.5,0.5,0.8,0.5,0.5,0.75,32.22219706027397
1,100,0.1,0.1,0.5,0.5,0.5,0.8,0.5,0.5,0.9,32.47055274315009
1,100,0.1,0.25,0.1,0.5,0.1,0.2,0.5,0.5,0.5,34.297802945186184
1,100,0.1,0.25,0.1,0.5,0.1,0.2,0.5,0.5,0.75,34.77224411954335
1,100,0.1,0.25,0.1,0.5,0.1,0.5,0.5,0.5,0.5,33.38637939510155
1,100,0.1,0.25,0.1,0.5,0.1,0.2,0.5,0.5,0.9,33.767749608115736
1,100,0.1,0.25,0.1,0.5,0.1,0.5,0.5,0.5,0.75,34.052306047353305
1,100,0.1,0.25,0.1,0.5,0.1,0.5,0.5,0.5,0.9,34.603157354733064
1,100,0.1,0.25,0.1,0.5,0.1,0.8,0.5,0.5,0.5,33.321289130585534
1,100,0.1,0.25,0.1,0.5,0.1,0.8,0.5,0.5,0.75,33.83629654321248
1,100,0.1,0.25,0.1,0.5,0.1,0.8,0.5,0.5,0.9,32.80681359671565
1,100,0.1,0.25,0.1,0.5,0.25,0.2,0.5,0.5,0.5,34.261520151897834
1,100,0.1,0.25,0.1,0.5,0.25,0.2,0.5,0.5,0.75,35.53483560190866
1,100,0.1,0.25,0.1,0.5,0.25,0.5,0.5,0.5,0.5,34.391585944025096
1,100,0.1,0.25,0.1,0.5,0.25,0.2,0.5,0.5,0.9,34.86588482713623
1,100,0.1,0.25,0.1,0.5,0.25,0.5,0.5,0.5,0.75,33.80164712921018
1,100,0.1,0.25,0.1,0.5,0.25,0.8,0.5,0.5,0.5,33.071201773631685
1,100,0.1,0.25,0.1,0.5,0.25,0.5,0.5,0.5,0.9,34.64337218512541
1,100,0.1,0.25,0.1,0.5,0.25,0.8,0.5,0.5,0.75,34.579014366573965
1,100,0.1,0.25,0.1,0.5,0.25,0.8,0.5,0.5,0.9,33.984407343994114
1,100,0.1,0.25,0.1,0.5,0.5,0.2,0.5,0.5,0.5,33.04476629367378
1,100,0.1,0.25,0.1,0.5,0.5,0.2,0.5,0.5,0.75,34.12782730069487
1,100,0.1,0.25,0.1,0.5,0.5,0.5,0.5,0.5,0.5,33.255681093597104
1,100,0.1,0.25,0.1,0.5,0.5,0.2,0.5,0.5,0.9,35.3968376641997
1,100,0.1,0.25,0.1,0.5,0.5,0.5,0.5,0.5,0.75,34.44067860574208
1,100,0.1,0.25,0.1,0.5,0.5,0.5,0.5,0.5,0.9,34.407908869839126
1,100,0.1,0.25,0.1,0.5,0.5,0.8,0.5,0.5,0.5,33.03669056584627
1,100,0.1,0.25,0.1,0.5,0.5,0.8,0.5,0.5,0.75,32.23187781349347
1,100,0.1,0.25,0.1,0.5,0.5,0.8,0.5,0.5,0.9,33.038012203436935
1,100,0.1,0.25,0.25,0.5,0.1,0.2,0.5,0.5,0.5,34.121382949283145
1,100,0.1,0.25,0.25,0.5,0.1,0.2,0.5,0.5,0.75,35.220504112276394
1,100,0.1,0.25,0.25,0.5,0.1,0.2,0.5,0.5,0.9,34.456447569562734
1,100,0.1,0.25,0.25,0.5,0.1,0.5,0.5,0.5,0.5,33.92269529995314
1,100,0.1,0.25,0.25,0.5,0.1,0.5,0.5,0.5,0.75,34.143473793617005
1,100,0.1,0.25,0.25,0.5,0.1,0.5,0.5,0.5,0.9,33.63036300796644
1,100,0.1,0.25,0.25,0.5,0.1,0.8,0.5,0.5,0.5,33.40176735793638
1,100,0.1,0.25,0.25,0.5,0.1,0.8,0.5,0.5,0.75,33.261183409758715
1,100,0.1,0.25,0.25,0.5,0.1,0.8,0.5,0.5,0.9,32.78013784846072
1,100,0.1,0.25,0.25,0.5,0.25,0.2,0.5,0.5,0.5,34.338137141546305
1,100,0.1,0.25,0.25,0.5,0.25,0.2,0.5,0.5,0.75,33.966568853128884
1,100,0.1,0.25,0.25,0.5,0.25,0.5,0.5,0.5,0.5,33.92983628364669
1,100,0.1,0.25,0.25,0.5,0.25,0.2,0.5,0.5,0.9,35.202678388685506
1,100,0.1,0.25,0.25,0.5,0.25,0.5,0.5,0.5,0.75,34.11979436032049
1,100,0.1,0.25,0.25,0.5,0.25,0.8,0.5,0.5,0.5,32.33676961801236
1,100,0.1,0.25,0.25,0.5,0.25,0.5,0.5,0.5,0.9,34.05826626188875
1,100,0.1,0.25,0.25,0.5,0.25,0.8,0.5,0.5,0.75,33.57986248972539
1,100,0.1,0.25,0.25,0.5,0.25,0.8,0.5,0.5,0.9,33.45598071876778
1,100,0.1,0.25,0.25,0.5,0.5,0.2,0.5,0.5,0.5,33.7305853343998
1,100,0.1,0.25,0.25,0.5,0.5,0.2,0.5,0.5,0.75,34.50284943891208
1,100,0.1,0.25,0.25,0.5,0.5,0.2,0.5,0.5,0.9,34.33059105394996
1,100,0.1,0.25,0.25,0.5,0.5,0.5,0.5,0.5,0.5,34.404479731400436
1,100,0.1,0.25,0.25,0.5,0.5,0.5,0.5,0.5,0.75,34.419908373492795
1,100,0.1,0.25,0.25,0.5,0.5,0.8,0.5,0.5,0.5,31.943936928544527
1,100,0.1,0.25,0.25,0.5,0.5,0.5,0.5,0.5,0.9,34.509020688144155
1,100,0.1,0.25,0.25,0.5,0.5,0.8,0.5,0.5,0.9,32.39888315284325
1,100,0.1,0.25,0.25,0.5,0.5,0.8,0.5,0.5,0.75,32.72995132421388
1,100,0.1,0.25,0.5,0.5,0.1,0.2,0.5,0.5,0.5,33.376705316600265
1,100,0.1,0.25,0.5,0.5,0.1,0.2,0.5,0.5,0.75,33.57919673758443
1,100,0.1,0.25,0.5,0.5,0.1,0.5,0.5,0.5,0.5,33.66771362730412
1,100,0.1,0.25,0.5,0.5,0.1,0.5,0.5,0.5,0.75,32.39562696510783
1,100,0.1,0.25,0.5,0.5,0.1,0.2,0.5,0.5,0.9,32.480165635435036
1,100,0.1,0.25,0.5,0.5,0.1,0.8,0.5,0.5,0.5,32.55771153858908
1,100,0.1,0.25,0.5,0.5,0.1,0.5,0.5,0.5,0.9,32.51837127588086
1,100,0.1,0.25,0.5,0.5,0.1,0.8,0.5,0.5,0.75,32.126735276900654
1,100,0.1,0.25,0.5,0.5,0.1,0.8,0.5,0.5,0.9,32.60488411249458
1,100,0.1,0.25,0.5,0.5,0.25,0.2,0.5,0.5,0.75,33.818383946777864
1,100,0.1,0.25,0.5,0.5,0.25,0.2,0.5,0.5,0.5,33.38340187129822
1,100,0.1,0.25,0.5,0.5,0.25,0.2,0.5,0.5,0.9,32.739261892116225
1,100,0.1,0.25,0.5,0.5,0.25,0.5,0.5,0.5,0.75,32.63735191295354
1,100,0.1,0.25,0.5,0.5,0.25,0.5,0.5,0.5,0.5,32.592089040454916
1,100,0.1,0.25,0.5,0.5,0.25,0.8,0.5,0.5,0.5,32.33715563966307
1,100,0.1,0.25,0.5,0.5,0.25,0.5,0.5,0.5,0.9,33.00095594669542
1,100,0.1,0.25,0.5,0.5,0.25,0.8,0.5,0.5,0.75,31.617213412638872
1,100,0.1,0.25,0.5,0.5,0.25,0.8,0.5,0.5,0.9,32.578961530555084
1,100,0.1,0.25,0.5,0.5,0.5,0.2,0.5,0.5,0.5,33.622619887643346
1,100,0.1,0.25,0.5,0.5,0.5,0.2,0.5,0.5,0.75,33.70011614460241
1,100,0.1,0.25,0.5,0.5,0.5,0.2,0.5,0.5,0.9,33.864989574741806
1,100,0.1,0.25,0.5,0.5,0.5,0.5,0.5,0.5,0.5,33.739999404310176
1,100,0.1,0.25,0.5,0.5,0.5,0.5,0.5,0.5,0.75,32.947957803204375
1,100,0.1,0.25,0.5,0.5,0.5,0.8,0.5,0.5,0.5,32.4104658361456
1,100,0.1,0.25,0.5,0.5,0.5,0.5,0.5,0.5,0.9,32.89962110338822
1,100,0.1,0.25,0.5,0.5,0.5,0.8,0.5,0.5,0.75,32.64887840889701
1,100,0.1,0.25,0.5,0.5,0.5,0.8,0.5,0.5,0.9,33.626792161678104
1,100,0.1,0.5,0.1,0.5,0.1,0.2,0.5,0.5,0.5,33.47405210318893
1,100,0.1,0.5,0.1,0.5,0.1,0.5,0.5,0.5,0.5,34.10145416457809
1,100,0.1,0.5,0.1,0.5,0.1,0.2,0.5,0.5,0.75,34.353704064510914
1,100,0.1,0.5,0.1,0.5,0.1,0.5,0.5,0.5,0.75,33.474327841381346
1,100,0.1,0.5,0.1,0.5,0.1,0.2,0.5,0.5,0.9,33.30316157081361
1,100,0.1,0.5,0.1,0.5,0.1,0.8,0.5,0.5,0.5,32.04379371110046
1,100,0.1,0.5,0.1,0.5,0.1,0.5,0.5,0.5,0.9,32.46603155662521
1,100,0.1,0.5,0.1,0.5,0.1,0.8,0.5,0.5,0.75,32.18991720214833
1,100,0.1,0.5,0.1,0.5,0.1,0.8,0.5,0.5,0.9,33.78942700206556
1,100,0.1,0.5,0.1,0.5,0.25,0.5,0.5,0.5,0.5,34.272184392227665
1,100,0.1,0.5,0.1,0.5,0.25,0.2,0.5,0.5,0.5,34.370203553452136
1,100,0.1,0.5,0.1,0.5,0.25,0.2,0.5,0.5,0.75,34.6388807597879
1,100,0.1,0.5,0.1,0.5,0.25,0.2,0.5,0.5,0.9,34.41607473869121
1,100,0.1,0.5,0.1,0.5,0.25,0.5,0.5,0.5,0.75,34.109084652708425
1,100,0.1,0.5,0.1,0.5,0.25,0.5,0.5,0.5,0.9,33.463119618788085
1,100,0.1,0.5,0.1,0.5,0.25,0.8,0.5,0.5,0.75,32.30245306145824
1,100,0.1,0.5,0.1,0.5,0.25,0.8,0.5,0.5,0.5,31.767785772742528
1,100,0.1,0.5,0.1,0.5,0.25,0.8,0.5,0.5,0.9,31.86774794817114
1,100,0.1,0.5,0.1,0.5,0.5,0.2,0.5,0.5,0.5,33.592769333676046
1,100,0.1,0.5,0.1,0.5,0.5,0.2,0.5,0.5,0.75,33.86628362926317
1,100,0.1,0.5,0.1,0.5,0.5,0.2,0.5,0.5,0.9,33.61399169861101
1,100,0.1,0.5,0.1,0.5,0.5,0.5,0.5,0.5,0.5,31.7368894252886
1,100,0.1,0.5,0.1,0.5,0.5,0.5,0.5,0.5,0.75,32.94401983873999
1,100,0.1,0.5,0.1,0.5,0.5,0.8,0.5,0.5,0.5,33.022666764304745
1,100,0.1,0.5,0.1,0.5,0.5,0.5,0.5,0.5,0.9,33.21786894298953
1,100,0.1,0.5,0.1,0.5,0.5,0.8,0.5,0.5,0.75,32.43667113643411
1,100,0.1,0.5,0.1,0.5,0.5,0.8,0.5,0.5,0.9,31.12359182213943
1,100,0.1,0.5,0.25,0.5,0.1,0.2,0.5,0.5,0.5,33.89757164360275
1,100,0.1,0.5,0.25,0.5,0.1,0.2,0.5,0.5,0.75,33.30188428035918
1,100,0.1,0.5,0.25,0.5,0.1,0.5,0.5,0.5,0.5,32.93547443952614
1,100,0.1,0.5,0.25,0.5,0.1,0.5,0.5,0.5,0.75,32.61440426906076
1,100,0.1,0.5,0.25,0.5,0.1,0.2,0.5,0.5,0.9,33.866067609044244
1,100,0.1,0.5,0.25,0.5,0.1,0.5,0.5,0.5,0.9,32.37709894390354
1,100,0.1,0.5,0.25,0.5,0.1,0.8,0.5,0.5,0.5,32.01600147022318
1,100,0.1,0.5,0.25,0.5,0.1,0.8,0.5,0.5,0.75,32.489921739536115
1,100,0.1,0.5,0.25,0.5,0.1,0.8,0.5,0.5,0.9,32.12337884935821
1,100,0.1,0.5,0.25,0.5,0.25,0.5,0.5,0.5,0.5,32.904576725312076
1,100,0.1,0.5,0.25,0.5,0.25,0.2,0.5,0.5,0.5,34.595472969443485
1,100,0.1,0.5,0.25,0.5,0.25,0.5,0.5,0.5,0.75,33.51959274109428
1,100,0.1,0.5,0.25,0.5,0.25,0.2,0.5,0.5,0.9,34.38997157647089
1,100,0.1,0.5,0.25,0.5,0.25,0.2,0.5,0.5,0.75,34.59556202371514
1,100,0.1,0.5,0.25,0.5,0.25,0.8,0.5,0.5,0.5,33.94984650031724
1,100,0.1,0.5,0.25,0.5,0.25,0.5,0.5,0.5,0.9,33.777683362083394
1,100,0.1,0.5,0.25,0.5,0.25,0.8,0.5,0.5,0.75,31.748911570337196
1,100,0.1,0.5,0.25,0.5,0.25,0.8,0.5,0.5,0.9,33.46282874677839
1,100,0.1,0.5,0.25,0.5,0.5,0.2,0.5,0.5,0.5,33.68291784894293
1,100,0.1,0.5,0.25,0.5,0.5,0.5,0.5,0.5,0.5,31.71338593964356
1,100,0.1,0.5,0.25,0.5,0.5,0.2,0.5,0.5,0.9,34.249759401348356
1,100,0.1,0.5,0.25,0.5,0.5,0.5,0.5,0.5,0.75,32.49071586587371
1,100,0.1,0.5,0.25,0.5,0.5,0.2,0.5,0.5,0.75,33.43823666869104
1,100,0.1,0.5,0.25,0.5,0.5,0.8,0.5,0.5,0.5,31.9325420414245
1,100,0.1,0.5,0.25,0.5,0.5,0.5,0.5,0.5,0.9,32.979679758043716
1,100,0.1,0.5,0.25,0.5,0.5,0.8,0.5,0.5,0.75,32.662048521718766
1,100,0.1,0.5,0.25,0.5,0.5,0.8,0.5,0.5,0.9,31.377374791702113
1,100,0.1,0.5,0.5,0.5,0.1,0.2,0.5,0.5,0.5,32.91451850987729
1,100,0.1,0.5,0.5,0.5,0.1,0.2,0.5,0.5,0.75,32.742905977517395
1,100,0.1,0.5,0.5,0.5,0.1,0.2,0.5,0.5,0.9,32.58262184301304
1,100,0.1,0.5,0.5,0.5,0.1,0.5,0.5,0.5,0.5,31.394589210478813
1,100,0.1,0.5,0.5,0.5,0.1,0.5,0.5,0.5,0.75,31.864113890280937
1,100,0.1,0.5,0.5,0.5,0.1,0.8,0.5,0.5,0.5,30.574706878105275
1,100,0.1,0.5,0.5,0.5,0.1,0.5,0.5,0.5,0.9,32.19039439543386
1,100,0.1,0.5,0.5,0.5,0.1,0.8,0.5,0.5,0.75,31.82836071781132
1,100,0.1,0.5,0.5,0.5,0.1,0.8,0.5,0.5,0.9,31.901656617296368
1,100,0.1,0.5,0.5,0.5,0.25,0.2,0.5,0.5,0.5,33.52481938567602
1,100,0.1,0.5,0.5,0.5,0.25,0.2,0.5,0.5,0.75,32.34457552813678
1,100,0.1,0.5,0.5,0.5,0.25,0.5,0.5,0.5,0.5,32.31038030842854
1,100,0.1,0.5,0.5,0.5,0.25,0.2,0.5,0.5,0.9,33.33435641916818
1,100,0.1,0.5,0.5,0.5,0.25,0.5,0.5,0.5,0.75,31.70540036110855
1,100,0.1,0.5,0.5,0.5,0.25,0.8,0.5,0.5,0.5,31.298423843348218
1,100,0.1,0.5,0.5,0.5,0.25,0.5,0.5,0.5,0.9,32.226270047627104
1,100,0.1,0.5,0.5,0.5,0.25,0.8,0.5,0.5,0.75,31.64478463726775
1,100,0.1,0.5,0.5,0.5,0.25,0.8,0.5,0.5,0.9,32.493389367495716
1,100,0.1,0.5,0.5,0.5,0.5,0.2,0.5,0.5,0.5,31.891661385295503
1,100,0.1,0.5,0.5,0.5,0.5,0.2,0.5,0.5,0.75,32.58311471003321
1,100,0.1,0.5,0.5,0.5,0.5,0.2,0.5,0.5,0.9,32.152791387527316
1,100,0.1,0.5,0.5,0.5,0.5,0.5,0.5,0.5,0.5,30.722284271116575
1,100,0.1,0.5,0.5,0.5,0.5,0.5,0.5,0.5,0.75,32.83177638460848
1,100,0.1,0.5,0.5,0.5,0.5,0.5,0.5,0.5,0.9,31.04255061894632
1,100,0.1,0.5,0.5,0.5,0.5,0.8,0.5,0.5,0.5,29.51507809133986
1,100,0.1,0.5,0.5,0.5,0.5,0.8,0.5,0.5,0.75,32.18005248887935
1,100,0.1,0.5,0.5,0.5,0.5,0.8,0.5,0.5,0.9,30.83708503279183
1,100,0.25,0.1,0.1,0.5,0.1,0.2,0.5,0.5,0.5,34.81817578036681
1,100,0.25,0.1,0.1,0.5,0.1,0.2,0.5,0.5,0.75,34.37153204710097
1,100,0.25,0.1,0.1,0.5,0.1,0.2,0.5,0.5,0.9,35.08813901648828
1,100,0.25,0.1,0.1,0.5,0.1,0.5,0.5,0.5,0.5,34.557962771377866
1,100,0.25,0.1,0.1,0.5,0.1,0.5,0.5,0.5,0.75,34.06468151444614
1,100,0.25,0.1,0.1,0.5,0.1,0.5,0.5,0.5,0.9,34.100901231274854
1,100,0.25,0.1,0.1,0.5,0.1,0.8,0.5,0.5,0.5,33.420894547953814
1,100,0.25,0.1,0.1,0.5,0.1,0.8,0.5,0.5,0.75,32.44889322521513
1,100,0.25,0.1,0.1,0.5,0.1,0.8,0.5,0.5,0.9,33.73488918355573
1,100,0.25,0.1,0.1,0.5,0.25,0.2,0.5,0.5,0.5,34.645560147384934
1,100,0.25,0.1,0.1,0.5,0.25,0.2,0.5,0.5,0.75,35.30305235731317
1,100,0.25,0.1,0.1,0.5,0.25,0.5,0.5,0.5,0.5,34.50298714282485
1,100,0.25,0.1,0.1,0.5,0.25,0.2,0.5,0.5,0.9,35.22689839796218
1,100,0.25,0.1,0.1,0.5,0.25,0.5,0.5,0.5,0.75,33.936168734124095
1,100,0.25,0.1,0.1,0.5,0.25,0.5,0.5,0.5,0.9,34.36523689060928
1,100,0.25,0.1,0.1,0.5,0.25,0.8,0.5,0.5,0.5,33.32721504871535
1,100,0.25,0.1,0.1,0.5,0.25,0.8,0.5,0.5,0.75,33.45902424419959
1,100,0.25,0.1,0.1,0.5,0.25,0.8,0.5,0.5,0.9,34.270120386283864
1,100,0.25,0.1,0.1,0.5,0.5,0.2,0.5,0.5,0.5,34.966851606788026
1,100,0.25,0.1,0.1,0.5,0.5,0.2,0.5,0.5,0.9,35.11055736495339
1,100,0.25,0.1,0.1,0.5,0.5,0.2,0.5,0.5,0.75,35.09606827739734
1,100,0.25,0.1,0.1,0.5,0.5,0.5,0.5,0.5,0.5,34.373960244391185
1,100,0.25,0.1,0.1,0.5,0.5,0.5,0.5,0.5,0.75,35.15275657004882
1,100,0.25,0.1,0.1,0.5,0.5,0.8,0.5,0.5,0.5,33.79769090260023
1,100,0.25,0.1,0.1,0.5,0.5,0.5,0.5,0.5,0.9,34.831773921664336
1,100,0.25,0.1,0.1,0.5,0.5,0.8,0.5,0.5,0.75,34.192438871983065
1,100,0.25,0.1,0.1,0.5,0.5,0.8,0.5,0.5,0.9,33.44791741448223
1,100,0.25,0.1,0.25,0.5,0.1,0.2,0.5,0.5,0.5,34.48653897875104
1,100,0.25,0.1,0.25,0.5,0.1,0.2,0.5,0.5,0.75,33.68951908188358
1,100,0.25,0.1,0.25,0.5,0.1,0.2,0.5,0.5,0.9,34.057515552121515
1,100,0.25,0.1,0.25,0.5,0.1,0.5,0.5,0.5,0.5,34.866962025012825
1,100,0.25,0.1,0.25,0.5,0.1,0.8,0.5,0.5,0.5,32.89573423617031
1,100,0.25,0.1,0.25,0.5,0.1,0.5,0.5,0.5,0.75,32.93941035064601
1,100,0.25,0.1,0.25,0.5,0.1,0.5,0.5,0.5,0.9,34.90089700097934
1,100,0.25,0.1,0.25,0.5,0.1,0.8,0.5,0.5,0.75,34.051663415627814
1,100,0.25,0.1,0.25,0.5,0.1,0.8,0.5,0.5,0.9,33.32565104759359
1,100,0.25,0.1,0.25,0.5,0.25,0.5,0.5,0.5,0.5,34.131057785406945
1,100,0.25,0.1,0.25,0.5,0.25,0.2,0.5,0.5,0.9,34.860589565771186
1,100,0.25,0.1,0.25,0.5,0.25,0.2,0.5,0.5,0.75,34.13850760174329
1,100,0.25,0.1,0.25,0.5,0.25,0.2,0.5,0.5,0.5,35.30132551569312
1,100,0.25,0.1,0.25,0.5,0.25,0.5,0.5,0.5,0.75,33.29323908673778
1,100,0.25,0.1,0.25,0.5,0.25,0.8,0.5,0.5,0.5,32.24317508395773
1,100,0.25,0.1,0.25,0.5,0.25,0.5,0.5,0.5,0.9,35.07714945400297
1,100,0.25,0.1,0.25,0.5,0.25,0.8,0.5,0.5,0.9,33.69645642968354
1,100,0.25,0.1,0.25,0.5,0.25,0.8,0.5,0.5,0.75,32.92232403432916
1,100,0.25,0.1,0.25,0.5,0.5,0.2,0.5,0.5,0.5,35.04296188061365
1,100,0.25,0.1,0.25,0.5,0.5,0.2,0.5,0.5,0.75,33.7961015041087
1,100,0.25,0.1,0.25,0.5,0.5,0.2,0.5,0.5,0.9,34.88006152558405
1,100,0.25,0.1,0.25,0.5,0.5,0.5,0.5,0.5,0.75,33.987008836685284
1,100,0.25,0.1,0.25,0.5,0.5,0.5,0.5,0.5,0.5,33.299797354275796
1,100,0.25,0.1,0.25,0.5,0.5,0.5,0.5,0.5,0.9,34.365620602431385
1,100,0.25,0.1,0.25,0.5,0.5,0.8,0.5,0.5,0.5,33.89044522759087
1,100,0.25,0.1,0.25,0.5,0.5,0.8,0.5,0.5,0.75,34.24131257270841
1,100,0.25,0.1,0.25,0.5,0.5,0.8,0.5,0.5,0.9,32.60752430012763
1,100,0.25,0.1,0.5,0.5,0.1,0.2,0.5,0.5,0.5,33.11417763242789
1,100,0.25,0.1,0.5,0.5,0.1,0.2,0.5,0.5,0.9,34.04379186221343
1,100,0.25,0.1,0.5,0.5,0.1,0.2,0.5,0.5,0.75,33.29879609247191
1,100,0.25,0.1,0.5,0.5,0.1,0.5,0.5,0.5,0.5,33.824813520271135
1,100,0.25,0.1,0.5,0.5,0.1,0.5,0.5,0.5,0.75,33.05029156795538
1,100,0.25,0.1,0.5,0.5,0.1,0.8,0.5,0.5,0.5,32.17017181255436
1,100,0.25,0.1,0.5,0.5,0.1,0.5,0.5,0.5,0.9,33.3615123386656
1,100,0.25,0.1,0.5,0.5,0.1,0.8,0.5,0.5,0.75,31.511454383603848
1,100,0.25,0.1,0.5,0.5,0.25,0.2,0.5,0.5,0.5,34.14265557568576
1,100,0.25,0.1,0.5,0.5,0.1,0.8,0.5,0.5,0.9,32.93263421376596
1,100,0.25,0.1,0.5,0.5,0.25,0.5,0.5,0.5,0.5,33.235540433042104
1,100,0.25,0.1,0.5,0.5,0.25,0.2,0.5,0.5,0.75,34.249770359411485
1,100,0.25,0.1,0.5,0.5,0.25,0.2,0.5,0.5,0.9,34.04179070936399
1,100,0.25,0.1,0.5,0.5,0.25,0.5,0.5,0.5,0.75,32.294626418614726
1,100,0.25,0.1,0.5,0.5,0.25,0.8,0.5,0.5,0.75,32.61103553163244
1,100,0.25,0.1,0.5,0.5,0.25,0.8,0.5,0.5,0.5,32.65062777005321
1,100,0.25,0.1,0.5,0.5,0.25,0.5,0.5,0.5,0.9,33.80556531709813
1,100,0.25,0.1,0.5,0.5,0.25,0.8,0.5,0.5,0.9,31.4149189194255
1,100,0.25,0.1,0.5,0.5,0.5,0.2,0.5,0.5,0.5,34.62367391593551
1,100,0.25,0.1,0.5,0.5,0.5,0.2,0.5,0.5,0.75,32.83977299892743
1,100,0.25,0.1,0.5,0.5,0.5,0.5,0.5,0.5,0.5,31.97839926785545
1,100,0.25,0.1,0.5,0.5,0.5,0.2,0.5,0.5,0.9,33.58144977271996
1,100,0.25,0.1,0.5,0.5,0.5,0.5,0.5,0.5,0.75,33.40249473590127
1,100,0.25,0.1,0.5,0.5,0.5,0.5,0.5,0.5,0.9,33.96553562529247
1,100,0.25,0.1,0.5,0.5,0.5,0.8,0.5,0.5,0.5,32.56850512963116
1,100,0.25,0.1,0.5,0.5,0.5,0.8,0.5,0.5,0.9,33.699524791486105
1,100,0.25,0.1,0.5,0.5,0.5,0.8,0.5,0.5,0.75,33.28501774642866
1,100,0.25,0.25,0.1,0.5,0.1,0.2,0.5,0.5,0.5,34.64272510394034
1,100,0.25,0.25,0.1,0.5,0.1,0.2,0.5,0.5,0.75,35.10294102696131
1,100,0.25,0.25,0.1,0.5,0.1,0.5,0.5,0.5,0.5,34.71261518624866
1,100,0.25,0.25,0.1,0.5,0.1,0.2,0.5,0.5,0.9,34.05028216829237
1,100,0.25,0.25,0.1,0.5,0.1,0.5,0.5,0.5,0.75,33.36882118108605
1,100,0.25,0.25,0.1,0.5,0.1,0.5,0.5,0.5,0.9,34.05852357780601
1,100,0.25,0.25,0.1,0.5,0.1,0.8,0.5,0.5,0.5,33.55745914936955
1,100,0.25,0.25,0.1,0.5,0.1,0.8,0.5,0.5,0.75,34.119730199783014
1,100,0.25,0.25,0.1,0.5,0.1,0.8,0.5,0.5,0.9,33.93176852673911
1,100,0.25,0.25,0.1,0.5,0.25,0.2,0.5,0.5,0.5,35.05850725137387
1,100,0.25,0.25,0.1,0.5,0.25,0.2,0.5,0.5,0.75,34.90010037377872
1,100,0.25,0.25,0.1,0.5,0.25,0.5,0.5,0.5,0.5,34.628079866518554
1,100,0.25,0.25,0.1,0.5,0.25,0.5,0.5,0.5,0.75,35.331640459287904
1,100,0.25,0.25,0.1,0.5,0.25,0.2,0.5,0.5,0.9,34.968319344404044
1,100,0.25,0.25,0.1,0.5,0.25,0.8,0.5,0.5,0.5,33.24173924096838
1,100,0.25,0.25,0.1,0.5,0.25,0.5,0.5,0.5,0.9,34.45396317081154
1,100,0.25,0.25,0.1,0.5,0.25,0.8,0.5,0.5,0.75,32.80563680684799
1,100,0.25,0.25,0.1,0.5,0.25,0.8,0.5,0.5,0.9,32.41017341444179
1,100,0.25,0.25,0.1,0.5,0.5,0.2,0.5,0.5,0.5,34.96162415240596
1,100,0.25,0.25,0.1,0.5,0.5,0.5,0.5,0.5,0.5,33.71265428945516
1,100,0.25,0.25,0.1,0.5,0.5,0.2,0.5,0.5,0.75,35.13926753878371
1,100,0.25,0.25,0.1,0.5,0.5,0.2,0.5,0.5,0.9,35.50462103976208
1,100,0.25,0.25,0.1,0.5,0.5,0.5,0.5,0.5,0.75,34.83344801871585
1,100,0.25,0.25,0.1,0.5,0.5,0.5,0.5,0.5,0.9,33.811633659979286
1,100,0.25,0.25,0.1,0.5,0.5,0.8,0.5,0.5,0.5,32.55460466114827
1,100,0.25,0.25,0.1,0.5,0.5,0.8,0.5,0.5,0.75,33.31429051906715
1,100,0.25,0.25,0.1,0.5,0.5,0.8,0.5,0.5,0.9,33.54779536032207
1,100,0.25,0.25,0.25,0.5,0.1,0.2,0.5,0.5,0.5,34.517060919977155
1,100,0.25,0.25,0.25,0.5,0.1,0.5,0.5,0.5,0.5,33.68487222023409
1,100,0.25,0.25,0.25,0.5,0.1,0.2,0.5,0.5,0.75,34.32596283415193
1,100,0.25,0.25,0.25,0.5,0.1,0.5,0.5,0.5,0.75,33.152792606486464
1,100,0.25,0.25,0.25,0.5,0.1,0.2,0.5,0.5,0.9,33.98161713908369
1,100,0.25,0.25,0.25,0.5,0.1,0.5,0.5,0.5,0.9,33.522368249290565
1,100,0.25,0.25,0.25,0.5,0.1,0.8,0.5,0.5,0.5,32.7820371152085
1,100,0.25,0.25,0.25,0.5,0.1,0.8,0.5,0.5,0.75,33.42194545764048
1,100,0.25,0.25,0.25,0.5,0.25,0.2,0.5,0.5,0.5,34.08482067317666
1,100,0.25,0.25,0.25,0.5,0.1,0.8,0.5,0.5,0.9,33.67868320867268
1,100,0.25,0.25,0.25,0.5,0.25,0.5,0.5,0.5,0.5,34.03046657851037
1,100,0.25,0.25,0.25,0.5,0.25,0.2,0.5,0.5,0.9,35.212079614803365
1,100,0.25,0.25,0.25,0.5,0.25,0.2,0.5,0.5,0.75,34.70854717826309
1,100,0.25,0.25,0.25,0.5,0.25,0.5,0.5,0.5,0.75,34.450355139704044
1,100,0.25,0.25,0.25,0.5,0.25,0.8,0.5,0.5,0.5,33.74277741676155
1,100,0.25,0.25,0.25,0.5,0.25,0.5,0.5,0.5,0.9,34.91551792866459
1,100,0.25,0.25,0.25,0.5,0.25,0.8,0.5,0.5,0.75,33.317283811278784
1,100,0.25,0.25,0.25,0.5,0.25,0.8,0.5,0.5,0.9,33.91824013685915
1,100,0.25,0.25,0.25,0.5,0.5,0.2,0.5,0.5,0.75,33.850189178852084
1,100,0.25,0.25,0.25,0.5,0.5,0.2,0.5,0.5,0.5,35.1009226253319
1,100,0.25,0.25,0.25,0.5,0.5,0.5,0.5,0.5,0.5,33.04975476083756
1,100,0.25,0.25,0.25,0.5,0.5,0.5,0.5,0.5,0.75,34.56125374020314
1,100,0.25,0.25,0.25,0.5,0.5,0.2,0.5,0.5,0.9,34.3366678109043
1,100,0.25,0.25,0.25,0.5,0.5,0.5,0.5,0.5,0.9,33.496271052390455
1,100,0.25,0.25,0.25,0.5,0.5,0.8,0.5,0.5,0.5,33.21612651368308
1,100,0.25,0.25,0.25,0.5,0.5,0.8,0.5,0.5,0.75,34.59531371992951
1,100,0.25,0.25,0.25,0.5,0.5,0.8,0.5,0.5,0.9,33.41848215539037
1,100,0.25,0.25,0.5,0.5,0.1,0.2,0.5,0.5,0.5,33.27402278125083
1,100,0.25,0.25,0.5,0.5,0.1,0.2,0.5,0.5,0.75,33.19480400358152
1,100,0.25,0.25,0.5,0.5,0.1,0.5,0.5,0.5,0.75,32.441174936985895
1,100,0.25,0.25,0.5,0.5,0.1,0.5,0.5,0.5,0.5,33.51351792832373
1,100,0.25,0.25,0.5,0.5,0.1,0.2,0.5,0.5,0.9,33.39684782346047
1,100,0.25,0.25,0.5,0.5,0.1,0.5,0.5,0.5,0.9,33.3767469084034
1,100,0.25,0.25,0.5,0.5,0.1,0.8,0.5,0.5,0.5,32.83656617568511
1,100,0.25,0.25,0.5,0.5,0.1,0.8,0.5,0.5,0.9,32.471002632202364
1,100,0.25,0.25,0.5,0.5,0.1,0.8,0.5,0.5,0.75,32.197503583199385
1,100,0.25,0.25,0.5,0.5,0.25,0.2,0.5,0.5,0.5,33.59800663024216
1,100,0.25,0.25,0.5,0.5,0.25,0.2,0.5,0.5,0.75,33.59775746850118
1,100,0.25,0.25,0.5,0.5,0.25,0.5,0.5,0.5,0.5,32.514358338487085
1,100,0.25,0.25,0.5,0.5,0.25,0.2,0.5,0.5,0.9,34.18198579642692
1,100,0.25,0.25,0.5,0.5,0.25,0.5,0.5,0.5,0.75,32.92461484952897
1,100,0.25,0.25,0.5,0.5,0.25,0.8,0.5,0.5,0.5,31.993634890778015
1,100,0.25,0.25,0.5,0.5,0.25,0.5,0.5,0.5,0.9,33.40375520328538
1,100,0.25,0.25,0.5,0.5,0.25,0.8,0.5,0.5,0.75,31.930120835286044
1,100,0.25,0.25,0.5,0.5,0.25,0.8,0.5,0.5,0.9,32.02951987320541
1,100,0.25,0.25,0.5,0.5,0.5,0.2,0.5,0.5,0.5,33.331285509203745
1,100,0.25,0.25,0.5,0.5,0.5,0.2,0.5,0.5,0.75,32.77655041528878
1,100,0.25,0.25,0.5,0.5,0.5,0.2,0.5,0.5,0.9,33.482651818098134
1,100,0.25,0.25,0.5,0.5,0.5,0.5,0.5,0.5,0.5,32.22756181633178
1,100,0.25,0.25,0.5,0.5,0.5,0.5,0.5,0.5,0.75,33.06411927710088
1,100,0.25,0.25,0.5,0.5,0.5,0.5,0.5,0.5,0.9,32.55694565294546
1,100,0.25,0.25,0.5,0.5,0.5,0.8,0.5,0.5,0.5,31.70982038254049
1,100,0.25,0.25,0.5,0.5,0.5,0.8,0.5,0.5,0.75,31.54779857278164
1,100,0.25,0.25,0.5,0.5,0.5,0.8,0.5,0.5,0.9,31.91951449078272
1,100,0.25,0.5,0.1,0.5,0.1,0.2,0.5,0.5,0.5,34.24524965412903
1,100,0.25,0.5,0.1,0.5,0.1,0.5,0.5,0.5,0.5,33.40382691025243
1,100,0.25,0.5,0.1,0.5,0.1,0.2,0.5,0.5,0.9,34.844281137828595
1,100,0.25,0.5,0.1,0.5,0.1,0.2,0.5,0.5,0.75,34.75439881216734
1,100,0.25,0.5,0.1,0.5,0.1,0.5,0.5,0.5,0.75,34.0205698976091
1,100,0.25,0.5,0.1,0.5,0.1,0.5,0.5,0.5,0.9,33.327588630934756
1,100,0.25,0.5,0.1,0.5,0.1,0.8,0.5,0.5,0.5,33.25528171525156
1,100,0.25,0.5,0.1,0.5,0.1,0.8,0.5,0.5,0.75,32.369595831682766
1,100,0.25,0.5,0.1,0.5,0.1,0.8,0.5,0.5,0.9,31.68450765035823
1,100,0.25,0.5,0.1,0.5,0.25,0.2,0.5,0.5,0.5,34.80128822437222
1,100,0.25,0.5,0.1,0.5,0.25,0.2,0.5,0.5,0.75,34.44665526273742
1,100,0.25,0.5,0.1,0.5,0.25,0.5,0.5,0.5,0.5,33.18654418299182
1,100,0.25,0.5,0.1,0.5,0.25,0.5,0.5,0.5,0.75,33.56925539253837
1,100,0.25,0.5,0.1,0.5,0.25,0.2,0.5,0.5,0.9,34.4210708667311
1,100,0.25,0.5,0.1,0.5,0.25,0.8,0.5,0.5,0.5,32.84018139482239
1,100,0.25,0.5,0.1,0.5,0.25,0.5,0.5,0.5,0.9,33.47937901915103
1,100,0.25,0.5,0.1,0.5,0.25,0.8,0.5,0.5,0.75,32.425820643967946
1,100,0.25,0.5,0.1,0.5,0.25,0.8,0.5,0.5,0.9,32.48366914063386
1,100,0.25,0.5,0.1,0.5,0.5,0.2,0.5,0.5,0.5,33.56075298527261
1,100,0.25,0.5,0.1,0.5,0.5,0.2,0.5,0.5,0.9,33.79995119313288
1,100,0.25,0.5,0.1,0.5,0.5,0.5,0.5,0.5,0.5,33.7274450760438
1,100,0.25,0.5,0.1,0.5,0.5,0.2,0.5,0.5,0.75,34.097156569216274
1,100,0.25,0.5,0.1,0.5,0.5,0.5,0.5,0.5,0.75,32.78698885013063
1,100,0.25,0.5,0.1,0.5,0.5,0.5,0.5,0.5,0.9,33.117667765415746
1,100,0.25,0.5,0.1,0.5,0.5,0.8,0.5,0.5,0.5,32.24437337767541
1,100,0.25,0.5,0.1,0.5,0.5,0.8,0.5,0.5,0.75,32.67119959628969
1,100,0.25,0.5,0.1,0.5,0.5,0.8,0.5,0.5,0.9,32.12716915114406
1,100,0.25,0.5,0.25,0.5,0.1,0.2,0.5,0.5,0.5,33.572363513532444
1,100,0.25,0.5,0.25,0.5,0.1,0.2,0.5,0.5,0.75,33.9449428136387
1,100,0.25,0.5,0.25,0.5,0.1,0.5,0.5,0.5,0.5,33.32484296951112
1,100,0.25,0.5,0.25,0.5,0.1,0.2,0.5,0.5,0.9,33.4576136664294
1,100,0.25,0.5,0.25,0.5,0.1,0.5,0.5,0.5,0.75,32.52646674498738
1,100,0.25,0.5,0.25,0.5,0.1,0.5,0.5,0.5,0.9,33.31960314776197
1,100,0.25,0.5,0.25,0.5,0.1,0.8,0.5,0.5,0.5,32.38447429082077
1,100,0.25,0.5,0.25,0.5,0.1,0.8,0.5,0.5,0.75,32.337187710806035
1,100,0.25,0.5,0.25,0.5,0.1,0.8,0.5,0.5,0.9,32.70236717389608
1,100,0.25,0.5,0.25,0.5,0.25,0.2,0.5,0.5,0.5,33.82804110708156
1,100,0.25,0.5,0.25,0.5,0.25,0.2,0.5,0.5,0.75,35.282900335034725
1,100,0.25,0.5,0.25,0.5,0.25,0.5,0.5,0.5,0.5,32.8769658526845
1,100,0.25,0.5,0.25,0.5,0.25,0.2,0.5,0.5,0.9,34.21824868309282
1,100,0.25,0.5,0.25,0.5,0.25,0.5,0.5,0.5,0.75,33.82750872338449
1,100,0.25,0.5,0.25,0.5,0.25,0.5,0.5,0.5,0.9,33.094335993056454
1,100,0.25,0.5,0.25,0.5,0.25,0.8,0.5,0.5,0.5,32.45966670620129
1,100,0.25,0.5,0.25,0.5,0.25,0.8,0.5,0.5,0.75,32.669177374240526
1,100,0.25,0.5,0.25,0.5,0.25,0.8,0.5,0.5,0.9,32.74361869943076
1,100,0.25,0.5,0.25,0.5,0.5,0.2,0.5,0.5,0.5,34.003106315103146
1,100,0.25,0.5,0.25,0.5,0.5,0.5,0.5,0.5,0.5,32.57267219321292
1,100,0.25,0.5,0.25,0.5,0.5,0.2,0.5,0.5,0.75,34.0476844959261
1,100,0.25,0.5,0.25,0.5,0.5,0.5,0.5,0.5,0.75,32.491808700360544
1,100,0.25,0.5,0.25,0.5,0.5,0.2,0.5,0.5,0.9,32.717584048313675
1,100,0.25,0.5,0.25,0.5,0.5,0.5,0.5,0.5,0.9,32.63470173484599
1,100,0.25,0.5,0.25,0.5,0.5,0.8,0.5,0.5,0.5,32.38433181788751
1,100,0.25,0.5,0.25,0.5,0.5,0.8,0.5,0.5,0.75,31.89288125376392
1,100,0.25,0.5,0.25,0.5,0.5,0.8,0.5,0.5,0.9,31.83937075672544
1,100,0.25,0.5,0.5,0.5,0.1,0.2,0.5,0.5,0.5,32.45049433055795
1,100,0.25,0.5,0.5,0.5,0.1,0.5,0.5,0.5,0.5,32.226882732463494
1,100,0.25,0.5,0.5,0.5,0.1,0.2,0.5,0.5,0.75,32.23468181562537
1,100,0.25,0.5,0.5,0.5,0.1,0.5,0.5,0.5,0.75,32.943677336625456
1,100,0.25,0.5,0.5,0.5,0.1,0.2,0.5,0.5,0.9,32.32903472316729
1,100,0.25,0.5,0.5,0.5,0.1,0.8,0.5,0.5,0.5,31.72676240498275
1,100,0.25,0.5,0.5,0.5,0.1,0.5,0.5,0.5,0.9,32.20213675732246
1,100,0.25,0.5,0.5,0.5,0.1,0.8,0.5,0.5,0.75,31.64395613898833
1,100,0.25,0.5,0.5,0.5,0.1,0.8,0.5,0.5,0.9,32.253985964361156
1,100,0.25,0.5,0.5,0.5,0.25,0.2,0.5,0.5,0.75,33.025250171534445
1,100,0.25,0.5,0.5,0.5,0.25,0.2,0.5,0.5,0.5,33.56213810094385
1,100,0.25,0.5,0.5,0.5,0.25,0.5,0.5,0.5,0.5,32.40073766841727
1,100,0.25,0.5,0.5,0.5,0.25,0.2,0.5,0.5,0.9,32.953954174121655
1,100,0.25,0.5,0.5,0.5,0.25,0.5,0.5,0.5,0.75,31.52659109107483
1,100,0.25,0.5,0.5,0.5,0.25,0.8,0.5,0.5,0.5,31.00463435983575
1,100,0.25,0.5,0.5,0.5,0.25,0.5,0.5,0.5,0.9,32.27945262024728
1,100,0.25,0.5,0.5,0.5,0.25,0.8,0.5,0.5,0.75,31.42783963926878
1,100,0.25,0.5,0.5,0.5,0.25,0.8,0.5,0.5,0.9,32.15648786738884
1,100,0.25,0.5,0.5,0.5,0.5,0.2,0.5,0.5,0.5,30.946218046297634
1,100,0.25,0.5,0.5,0.5,0.5,0.5,0.5,0.5,0.5,30.10965638420485
1,100,0.25,0.5,0.5,0.5,0.5,0.2,0.5,0.5,0.75,32.96032366192691
1,100,0.25,0.5,0.5,0.5,0.5,0.2,0.5,0.5,0.9,31.754049582771387
1,100,0.25,0.5,0.5,0.5,0.5,0.5,0.5,0.5,0.75,32.0335112728067
1,100,0.25,0.5,0.5,0.5,0.5,0.8,0.5,0.5,0.5,31.818292306366317
1,100,0.25,0.5,0.5,0.5,0.5,0.8,0.5,0.5,0.75,31.487096457617238
1,100,0.25,0.5,0.5,0.5,0.5,0.5,0.5,0.5,0.9,31.42324822930023
1,100,0.25,0.5,0.5,0.5,0.5,0.8,0.5,0.5,0.9,31.395434732215396
1,100,0.5,0.1,0.1,0.5,0.1,0.2,0.5,0.5,0.5,34.109543732977095
1,100,0.5,0.1,0.1,0.5,0.1,0.2,0.5,0.5,0.75,34.503865286132765
1,100,0.5,0.1,0.1,0.5,0.1,0.5,0.5,0.5,0.5,33.77394445832856
1,100,0.5,0.1,0.1,0.5,0.1,0.5,0.5,0.5,0.75,33.8539295058602
1,100,0.5,0.1,0.1,0.5,0.1,0.2,0.5,0.5,0.9,33.70152907152613
1,100,0.5,0.1,0.1,0.5,0.1,0.5,0.5,0.5,0.9,32.870491227596425
1,100,0.5,0.1,0.1,0.5,0.1,0.8,0.5,0.5,0.5,32.21396976398254
1,100,0.5,0.1,0.1,0.5,0.1,0.8,0.5,0.5,0.75,33.024979031459274
1,100,0.5,0.1,0.1,0.5,0.1,0.8,0.5,0.5,0.9,33.31630805706689
1,100,0.5,0.1,0.1,0.5,0.25,0.5,0.5,0.5,0.5,34.09482292504729
1,100,0.5,0.1,0.1,0.5,0.25,0.2,0.5,0.5,0.75,34.55604703285389
1,100,0.5,0.1,0.1,0.5,0.25,0.2,0.5,0.5,0.5,34.388108787201766
1,100,0.5,0.1,0.1,0.5,0.25,0.2,0.5,0.5,0.9,34.99628732443686
1,100,0.5,0.1,0.1,0.5,0.25,0.5,0.5,0.5,0.75,33.45808250038322
1,100,0.5,0.1,0.1,0.5,0.25,0.5,0.5,0.5,0.9,34.367790631180945
1,100,0.5,0.1,0.1,0.5,0.25,0.8,0.5,0.5,0.5,32.6425341526379
1,100,0.5,0.1,0.1,0.5,0.25,0.8,0.5,0.5,0.9,34.803615403629294
1,100,0.5,0.1,0.1,0.5,0.25,0.8,0.5,0.5,0.75,32.97159568181976
1,100,0.5,0.1,0.1,0.5,0.5,0.2,0.5,0.5,0.5,33.7496081497625
1,100,0.5,0.1,0.1,0.5,0.5,0.2,0.5,0.5,0.9,34.33657679399106
1,100,0.5,0.1,0.1,0.5,0.5,0.2,0.5,0.5,0.75,33.6211562533992
1,100,0.5,0.1,0.1,0.5,0.5,0.5,0.5,0.5,0.5,32.538016977231344
1,100,0.5,0.1,0.1,0.5,0.5,0.5,0.5,0.5,0.75,33.77737381319924
1,100,0.5,0.1,0.1,0.5,0.5,0.8,0.5,0.5,0.5,31.630832593504426
1,100,0.5,0.1,0.1,0.5,0.5,0.8,0.5,0.5,0.75,33.12224917679603
1,100,0.5,0.1,0.1,0.5,0.5,0.5,0.5,0.5,0.9,33.08522358899588
1,100,0.5,0.1,0.1,0.5,0.5,0.8,0.5,0.5,0.9,32.0812328212347
1,100,0.5,0.1,0.25,0.5,0.1,0.2,0.5,0.5,0.5,34.48206606579014
1,100,0.5,0.1,0.25,0.5,0.1,0.2,0.5,0.5,0.75,33.382385157812486
1,100,0.5,0.1,0.25,0.5,0.1,0.5,0.5,0.5,0.5,33.93481035832028
1,100,0.5,0.1,0.25,0.5,0.1,0.5,0.5,0.5,0.75,33.61465107312531
1,100,0.5,0.1,0.25,0.5,0.1,0.5,0.5,0.5,0.9,34.362268779892915
1,100,0.5,0.1,0.25,0.5,0.1,0.8,0.5,0.5,0.5,32.829863161602596
1,100,0.5,0.1,0.25,0.5,0.1,0.2,0.5,0.5,0.9,34.67229366842427
1,100,0.5,0.1,0.25,0.5,0.1,0.8,0.5,0.5,0.75,32.41088201810029
1,100,0.5,0.1,0.25,0.5,0.1,0.8,0.5,0.5,0.9,32.39831400112413
1,100,0.5,0.1,0.25,0.5,0.25,0.2,0.5,0.5,0.5,33.08361094968861
1,100,0.5,0.1,0.25,0.5,0.25,0.5,0.5,0.5,0.5,32.489766301376754
1,100,0.5,0.1,0.25,0.5,0.25,0.2,0.5,0.5,0.75,34.66776913324534
1,100,0.5,0.1,0.25,0.5,0.25,0.5,0.5,0.5,0.75,33.674778236236875
1,100,0.5,0.1,0.25,0.5,0.25,0.2,0.5,0.5,0.9,34.23912668474647
1,100,0.5,0.1,0.25,0.5,0.25,0.5,0.5,0.5,0.9,34.567392208605604
1,100,0.5,0.1,0.25,0.5,0.25,0.8,0.5,0.5,0.5,32.341966810162894
1,100,0.5,0.1,0.25,0.5,0.25,0.8,0.5,0.5,0.75,32.436436874816266
1,100,0.5,0.1,0.25,0.5,0.25,0.8,0.5,0.5,0.9,33.538627900925924
1,100,0.5,0.1,0.25,0.5,0.5,0.2,0.5,0.5,0.5,33.90486040663149
1,100,0.5,0.1,0.25,0.5,0.5,0.2,0.5,0.5,0.75,33.459358179686014
1,100,0.5,0.1,0.25,0.5,0.5,0.5,0.5,0.5,0.5,33.2167695058969
1,100,0.5,0.1,0.25,0.5,0.5,0.2,0.5,0.5,0.9,33.358917088413996
1,100,0.5,0.1,0.25,0.5,0.5,0.5,0.5,0.5,0.75,32.566469164142724
1,100,0.5,0.1,0.25,0.5,0.5,0.8,0.5,0.5,0.5,32.04733711507688
1,100,0.5,0.1,0.25,0.5,0.5,0.5,0.5,0.5,0.9,32.97125747039468
1,100,0.5,0.1,0.25,0.5,0.5,0.8,0.5,0.5,0.75,32.04101216235204
1,100,0.5,0.1,0.25,0.5,0.5,0.8,0.5,0.5,0.9,33.62020171134424
1,100,0.5,0.1,0.5,0.5,0.1,0.2,0.5,0.5,0.5,32.15504350711368
1,100,0.5,0.1,0.5,0.5,0.1,0.2,0.5,0.5,0.75,32.87773728534191
1,100,0.5,0.1,0.5,0.5,0.1,0.2,0.5,0.5,0.9,33.93924671130427
1,100,0.5,0.1,0.5,0.5,0.1,0.5,0.5,0.5,0.5,33.04452416438389
1,100,0.5,0.1,0.5,0.5,0.1,0.5,0.5,0.5,0.75,31.998849067913067
1,100,0.5,0.1,0.5,0.5,0.1,0.8,0.5,0.5,0.5,32.0459560086596
1,100,0.5,0.1,0.5,0.5,0.1,0.5,0.5,0.5,0.9,32.89464152581789
1,100,0.5,0.1,0.5,0.5,0.1,0.8,0.5,0.5,0.75,31.867446495517754
1,100,0.5,0.1,0.5,0.5,0.1,0.8,0.5,0.5,0.9,31.997305868029496
1,100,0.5,0.1,0.5,0.5,0.25,0.2,0.5,0.5,0.5,33.20970065325042
1,100,0.5,0.1,0.5,0.5,0.25,0.2,0.5,0.5,0.75,33.49965806492321
1,100,0.5,0.1,0.5,0.5,0.25,0.5,0.5,0.5,0.5,32.77169997479317
1,100,0.5,0.1,0.5,0.5,0.25,0.2,0.5,0.5,0.9,32.99651179464763
1,100,0.5,0.1,0.5,0.5,0.25,0.5,0.5,0.5,0.75,32.40378302645484
1,100,0.5,0.1,0.5,0.5,0.25,0.5,0.5,0.5,0.9,33.169299664783466
1,100,0.5,0.1,0.5,0.5,0.25,0.8,0.5,0.5,0.5,31.699729796293852
1,100,0.5,0.1,0.5,0.5,0.25,0.8,0.5,0.5,0.9,33.10254007505757
1,100,0.5,0.1,0.5,0.5,0.25,0.8,0.5,0.5,0.75,32.43943732373261
1,100,0.5,0.1,0.5,0.5,0.5,0.2,0.5,0.5,0.5,33.46840139583007
1,100,0.5,0.1,0.5,0.5,0.5,0.2,0.5,0.5,0.9,34.02625734176552
1,100,0.5,0.1,0.5,0.5,0.5,0.2,0.5,0.5,0.75,33.23748226555714
1,100,0.5,0.1,0.5,0.5,0.5,0.5,0.5,0.5,0.5,31.779207880132187
1,100,0.5,0.1,0.5,0.5,0.5,0.5,0.5,0.5,0.75,31.366512105273145
1,100,0.5,0.1,0.5,0.5,0.5,0.8,0.5,0.5,0.5,30.504803629800765
1,100,0.5,0.1,0.5,0.5,0.5,0.5,0.5,0.5,0.9,32.090651424073066
1,100,0.5,0.1,0.5,0.5,0.5,0.8,0.5,0.5,0.75,31.56957963299175
1,100,0.5,0.1,0.5,0.5,0.5,0.8,0.5,0.5,0.9,31.661325035998356
1,100,0.5,0.25,0.1,0.5,0.1,0.2,0.5,0.5,0.5,33.89418660130085
1,100,0.5,0.25,0.1,0.5,0.1,0.2,0.5,0.5,0.75,34.75832953162657
1,100,0.5,0.25,0.1,0.5,0.1,0.2,0.5,0.5,0.9,33.574786110855676
1,100,0.5,0.25,0.1,0.5,0.1,0.5,0.5,0.5,0.5,34.213571385943254
1,100,0.5,0.25,0.1,0.5,0.1,0.5,0.5,0.5,0.75,33.1056593762574
1,100,0.5,0.25,0.1,0.5,0.1,0.8,0.5,0.5,0.5,32.713281253600826
1,100,0.5,0.25,0.1,0.5,0.1,0.5,0.5,0.5,0.9,33.488070885046255
1,100,0.5,0.25,0.1,0.5,0.1,0.8,0.5,0.5,0.75,32.88049330495357
1,100,0.5,0.25,0.1,0.5,0.1,0.8,0.5,0.5,0.9,32.76251122184396
1,100,0.5,0.25,0.1,0.5,0.25,0.2,0.5,0.5,0.5,33.722088051825054
1,100,0.5,0.25,0.1,0.5,0.25,0.2,0.5,0.5,0.75,34.566431798538254
1,100,0.5,0.25,0.1,0.5,0.25,0.2,0.5,0.5,0.9,34.12009716456664
1,100,0.5,0.25,0.1,0.5,0.25,0.5,0.5,0.5,0.5,33.87010422593067
1,100,0.5,0.25,0.1,0.5,0.25,0.5,0.5,0.5,0.75,33.33729135546895
1,100,0.5,0.25,0.1,0.5,0.25,0.5,0.5,0.5,0.9,33.97253839815823
1,100,0.5,0.25,0.1,0.5,0.25,0.8,0.5,0.5,0.5,32.5901570881912
1,100,0.5,0.25,0.1,0.5,0.25,0.8,0.5,0.5,0.75,32.80209160531004
1,100,0.5,0.25,0.1,0.5,0.25,0.8,0.5,0.5,0.9,32.911086191534544
1,100,0.5,0.25,0.1,0.5,0.5,0.2,0.5,0.5,0.5,32.37499360209045
1,100,0.5,0.25,0.1,0.5,0.5,0.2,0.5,0.5,0.75,33.787770826545774
1,100,0.5,0.25,0.1,0.5,0.5,0.2,0.5,0.5,0.9,34.11787255517343
1,100,0.5,0.25,0.1,0.5,0.5,0.5,0.5,0.5,0.5,33.18646983323316
1,100,0.5,0.25,0.1,0.5,0.5,0.5,0.5,0.5,0.75,33.08998278528185
1,100,0.5,0.25,0.1,0.5,0.5,0.5,0.5,0.5,0.9,33.85942229207371
1,100,0.5,0.25,0.1,0.5,0.5,0.8,0.5,0.5,0.5,31.810657460501773
1,100,0.5,0.25,0.1,0.5,0.5,0.8,0.5,0.5,0.75,31.459019346096653
1,100,0.5,0.25,0.1,0.5,0.5,0.8,0.5,0.5,0.9,32.65414469688881
1,100,0.5,0.25,0.25,0.5,0.1,0.2,0.5,0.5,0.5,34.132397176961966
1,100,0.5,0.25,0.25,0.5,0.1,0.2,0.5,0.5,0.75,33.46938071816114
1,100,0.5,0.25,0.25,0.5,0.1,0.5,0.5,0.5,0.75,34.22913623241717
1,100,0.5,0.25,0.25,0.5,0.1,0.2,0.5,0.5,0.9,33.9576886929847
1,100,0.5,0.25,0.25,0.5,0.1,0.5,0.5,0.5,0.5,33.242912601405635
1,100,0.5,0.25,0.25,0.5,0.1,0.5,0.5,0.5,0.9,33.1218092750047
1,100,0.5,0.25,0.25,0.5,0.1,0.8,0.5,0.5,0.5,32.77360784185101
1,100,0.5,0.25,0.25,0.5,0.1,0.8,0.5,0.5,0.75,33.38142268575342
1,100,0.5,0.25,0.25,0.5,0.1,0.8,0.5,0.5,0.9,33.64086596723029
1,100,0.5,0.25,0.25,0.5,0.25,0.2,0.5,0.5,0.5,34.87714045612842
1,100,0.5,0.25,0.25,0.5,0.25,0.2,0.5,0.5,0.9,34.69130326875153
1,100,0.5,0.25,0.25,0.5,0.25,0.2,0.5,0.5,0.75,34.74397193059301
1,100,0.5,0.25,0.25,0.5,0.25,0.5,0.5,0.5,0.5,33.44618514862426
1,100,0.5,0.25,0.25,0.5,0.25,0.5,0.5,0.5,0.75,33.95361794429305
1,100,0.5,0.25,0.25,0.5,0.25,0.5,0.5,0.5,0.9,35.25511008013027
1,100,0.5,0.25,0.25,0.5,0.25,0.8,0.5,0.5,0.5,31.7736663196015
1,100,0.5,0.25,0.25,0.5,0.25,0.8,0.5,0.5,0.9,32.6063280462407
1,100,0.5,0.25,0.25,0.5,0.25,0.8,0.5,0.5,0.75,33.042096288728665
1,100,0.5,0.25,0.25,0.5,0.5,0.2,0.5,0.5,0.5,33.385343302693194
1,100,0.5,0.25,0.25,0.5,0.5,0.2,0.5,0.5,0.75,33.454616429562606
1,100,0.5,0.25,0.25,0.5,0.5,0.5,0.5,0.5,0.5,32.70247617045337
1,100,0.5,0.25,0.25,0.5,0.5,0.2,0.5,0.5,0.9,34.08129737530846
1,100,0.5,0.25,0.25,0.5,0.5,0.5,0.5,0.5,0.75,32.444001774608616
1,100,0.5,0.25,0.25,0.5,0.5,0.8,0.5,0.5,0.5,33.141005569814986
1,100,0.5,0.25,0.25,0.5,0.5,0.5,0.5,0.5,0.9,32.655140203922876
1,100,0.5,0.25,0.25,0.5,0.5,0.8,0.5,0.5,0.75,31.59990990218878
1,100,0.5,0.25,0.25,0.5,0.5,0.8,0.5,0.5,0.9,31.6529332984946
1,100,0.5,0.25,0.5,0.5,0.1,0.5,0.5,0.5,0.5,32.170960046621055
1,100,0.5,0.25,0.5,0.5,0.1,0.2,0.5,0.5,0.5,32.291094226312815
1,100,0.5,0.25,0.5,0.5,0.1,0.2,0.5,0.5,0.9,32.86631828821303
1,100,0.5,0.25,0.5,0.5,0.1,0.2,0.5,0.5,0.75,33.760191312414356
1,100,0.5,0.25,0.5,0.5,0.1,0.5,0.5,0.5,0.75,32.456422234919586
1,100,0.5,0.25,0.5,0.5,0.1,0.8,0.5,0.5,0.5,31.43864226237623
1,100,0.5,0.25,0.5,0.5,0.1,0.5,0.5,0.5,0.9,31.407448991154215
1,100,0.5,0.25,0.5,0.5,0.1,0.8,0.5,0.5,0.9,31.34216414385231
1,100,0.5,0.25,0.5,0.5,0.1,0.8,0.5,0.5,0.75,32.57644448256615
1,100,0.5,0.25,0.5,0.5,0.25,0.2,0.5,0.5,0.5,32.34004595577266
1,100,0.5,0.25,0.5,0.5,0.25,0.2,0.5,0.5,0.75,32.83397959912915
1,100,0.5,0.25,0.5,0.5,0.25,0.5,0.5,0.5,0.5,32.390707058680796
1,100,0.5,0.25,0.5,0.5,0.25,0.5,0.5,0.5,0.75,32.05805201133114
1,100,0.5,0.25,0.5,0.5,0.25,0.2,0.5,0.5,0.9,33.245952348484515
1,100,0.5,0.25,0.5,0.5,0.25,0.8,0.5,0.5,0.5,31.2830616059439
1,100,0.5,0.25,0.5,0.5,0.25,0.5,0.5,0.5,0.9,32.942937126412744
1,100,0.5,0.25,0.5,0.5,0.25,0.8,0.5,0.5,0.75,31.531520864231044
1,100,0.5,0.25,0.5,0.5,0.25,0.8,0.5,0.5,0.9,31.26512267572134
1,100,0.5,0.25,0.5,0.5,0.5,0.2,0.5,0.5,0.5,31.051877824750093
1,100,0.5,0.25,0.5,0.5,0.5,0.5,0.5,0.5,0.5,31.60645311891388
1,100,0.5,0.25,0.5,0.5,0.5,0.2,0.5,0.5,0.75,32.602215841743394
1,100,0.5,0.25,0.5,0.5,0.5,0.5,0.5,0.5,0.75,31.692664391777686
1,100,0.5,0.25,0.5,0.5,0.5,0.2,0.5,0.5,0.9,32.427635298005875
1,100,0.5,0.25,0.5,0.5,0.5,0.8,0.5,0.5,0.5,29.978309935291335
1,100,0.5,0.25,0.5,0.5,0.5,0.5,0.5,0.5,0.9,32.44679589109188
1,100,0.5,0.25,0.5,0.5,0.5,0.8,0.5,0.5,0.75,30.21435391652136
1,100,0.5,0.25,0.5,0.5,0.5,0.8,0.5,0.5,0.9,30.785050275843734
1,100,0.5,0.5,0.1,0.5,0.1,0.2,0.5,0.5,0.5,33.808942799414005
1,100,0.5,0.5,0.1,0.5,0.1,0.5,0.5,0.5,0.5,33.21727343861985
1,100,0.5,0.5,0.1,0.5,0.1,0.2,0.5,0.5,0.75,33.23090592503263
1,100,0.5,0.5,0.1,0.5,0.1,0.5,0.5,0.5,0.75,32.95769279952196
1,100,0.5,0.5,0.1,0.5,0.1,0.2,0.5,0.5,0.9,33.28871263651858
1,100,0.5,0.5,0.1,0.5,0.1,0.5,0.5,0.5,0.9,33.20428577600032
1,100,0.5,0.5,0.1,0.5,0.1,0.8,0.5,0.5,0.5,32.47430617013767
1,100,0.5,0.5,0.1,0.5,0.1,0.8,0.5,0.5,0.75,32.969318697257904
1,100,0.5,0.5,0.1,0.5,0.1,0.8,0.5,0.5,0.9,32.57401073362508
1,100,0.5,0.5,0.1,0.5,0.25,0.2,0.5,0.5,0.5,33.46053377617986
1,100,0.5,0.5,0.1,0.5,0.25,0.5,0.5,0.5,0.5,32.27088276094103
1,100,0.5,0.5,0.1,0.5,0.25,0.2,0.5,0.5,0.75,34.12316205094242
1,100,0.5,0.5,0.1,0.5,0.25,0.2,0.5,0.5,0.9,33.746379847782066
1,100,0.5,0.5,0.1,0.5,0.25,0.5,0.5,0.5,0.75,33.63868868355114
1,100,0.5,0.5,0.1,0.5,0.25,0.8,0.5,0.5,0.5,31.60011897143831
1,100,0.5,0.5,0.1,0.5,0.25,0.5,0.5,0.5,0.9,32.93482935242347
1,100,0.5,0.5,0.1,0.5,0.25,0.8,0.5,0.5,0.75,31.477972189247577
1,100,0.5,0.5,0.1,0.5,0.25,0.8,0.5,0.5,0.9,32.45251149342721
1,100,0.5,0.5,0.1,0.5,0.5,0.2,0.5,0.5,0.5,32.34069138087873
1,100,0.5,0.5,0.1,0.5,0.5,0.2,0.5,0.5,0.75,32.29706795327923
1,100,0.5,0.5,0.1,0.5,0.5,0.2,0.5,0.5,0.9,32.474012247426565
1,100,0.5,0.5,0.1,0.5,0.5,0.5,0.5,0.5,0.5,31.09061153053614
1,100,0.5,0.5,0.1,0.5,0.5,0.5,0.5,0.5,0.75,31.3358871127427
1,100,0.5,0.5,0.1,0.5,0.5,0.8,0.5,0.5,0.5,31.30620602587631
1,100,0.5,0.5,0.1,0.5,0.5,0.5,0.5,0.5,0.9,34.22694474114163
1,100,0.5,0.5,0.1,0.5,0.5,0.8,0.5,0.5,0.75,30.792758079362077
1,100,0.5,0.5,0.1,0.5,0.5,0.8,0.5,0.5,0.9,31.508775354214436
1,100,0.5,0.5,0.25,0.5,0.1,0.2,0.5,0.5,0.5,33.194778098369596
1,100,0.5,0.5,0.25,0.5,0.1,0.2,0.5,0.5,0.75,33.884928949133915
1,100,0.5,0.5,0.25,0.5,0.1,0.5,0.5,0.5,0.5,32.14478004719066
1,100,0.5,0.5,0.25,0.5,0.1,0.2,0.5,0.5,0.9,33.375716416037086
1,100,0.5,0.5,0.25,0.5,0.1,0.5,0.5,0.5,0.75,32.091201418468934
1,100,0.5,0.5,0.25,0.5,0.1,0.5,0.5,0.5,0.9,32.76058620749244
1,100,0.5,0.5,0.25,0.5,0.1,0.8,0.5,0.5,0.5,30.83698669969081
1,100,0.5,0.5,0.25,0.5,0.1,0.8,0.5,0.5,0.75,31.259532201806792
1,100,0.5,0.5,0.25,0.5,0.1,0.8,0.5,0.5,0.9,32.64703086348559
1,100,0.5,0.5,0.25,0.5,0.25,0.2,0.5,0.5,0.5,32.85907353330115
1,100,0.5,0.5,0.25,0.5,0.25,0.5,0.5,0.5,0.5,32.03460901471827
1,100,0.5,0.5,0.25,0.5,0.25,0.2,0.5,0.5,0.75,33.51124289406291
1,100,0.5,0.5,0.25,0.5,0.25,0.5,0.5,0.5,0.75,33.06930440403311
1,100,0.5,0.5,0.25,0.5,0.25,0.2,0.5,0.5,0.9,33.15846900130481
1,100,0.5,0.5,0.25,0.5,0.25,0.5,0.5,0.5,0.9,32.30869338542307
1,100,0.5,0.5,0.25,0.5,0.25,0.8,0.5,0.5,0.5,32.27947454252964
1,100,0.5,0.5,0.25,0.5,0.25,0.8,0.5,0.5,0.75,31.43395248326611
1,100,0.5,0.5,0.25,0.5,0.5,0.2,0.5,0.5,0.5,31.505678161455776
1,100,0.5,0.5,0.25,0.5,0.25,0.8,0.5,0.5,0.9,32.27342707517556
1,100,0.5,0.5,0.25,0.5,0.5,0.5,0.5,0.5,0.5,30.825011097218653
1,100,0.5,0.5,0.25,0.5,0.5,0.2,0.5,0.5,0.9,32.62704482372717
1,100,0.5,0.5,0.25,0.5,0.5,0.2,0.5,0.5,0.75,32.640021323826126
1,100,0.5,0.5,0.25,0.5,0.5,0.5,0.5,0.5,0.75,32.8692311452369
1,100,0.5,0.5,0.25,0.5,0.5,0.8,0.5,0.5,0.5,30.84463638403758
1,100,0.5,0.5,0.25,0.5,0.5,0.5,0.5,0.5,0.9,32.189838138443456
1,100,0.5,0.5,0.25,0.5,0.5,0.8,0.5,0.5,0.75,30.60576573205144
1,100,0.5,0.5,0.25,0.5,0.5,0.8,0.5,0.5,0.9,30.961119347728783
1,100,0.5,0.5,0.5,0.5,0.1,0.2,0.5,0.5,0.5,32.70814347870277
1,100,0.5,0.5,0.5,0.5,0.1,0.2,0.5,0.5,0.75,32.44844501309524
1,100,0.5,0.5,0.5,0.5,0.1,0.2,0.5,0.5,0.9,31.877425963008907
1,100,0.5,0.5,0.5,0.5,0.1,0.5,0.5,0.5,0.5,30.611281747492388
1,100,0.5,0.5,0.5,0.5,0.1,0.5,0.5,0.5,0.75,32.50426748463732
1,100,0.5,0.5,0.5,0.5,0.1,0.5,0.5,0.5,0.9,32.64694321649066
1,100,0.5,0.5,0.5,0.5,0.1,0.8,0.5,0.5,0.5,30.987774941494678
1,100,0.5,0.5,0.5,0.5,0.1,0.8,0.5,0.5,0.75,32.31261435362778
1,100,0.5,0.5,0.5,0.5,0.1,0.8,0.5,0.5,0.9,31.601738934388823
1,100,0.5,0.5,0.5,0.5,0.25,0.2,0.5,0.5,0.5,31.384750421641115
1,100,0.5,0.5,0.5,0.5,0.25,0.2,0.5,0.5,0.75,32.31217439450163
1,100,0.5,0.5,0.5,0.5,0.25,0.5,0.5,0.5,0.5,31.480993659044277
1,100,0.5,0.5,0.5,0.5,0.25,0.2,0.5,0.5,0.9,32.92098050203371
1,100,0.5,0.5,0.5,0.5,0.25,0.5,0.5,0.5,0.75,32.20474720213016
1,100,0.5,0.5,0.5,0.5,0.25,0.8,0.5,0.5,0.5,30.78792610887611
1,100,0.5,0.5,0.5,0.5,0.25,0.5,0.5,0.5,0.9,32.553148016176216
1,100,0.5,0.5,0.5,0.5,0.25,0.8,0.5,0.5,0.75,31.13470740480103
1,100,0.5,0.5,0.5,0.5,0.25,0.8,0.5,0.5,0.9,31.1411622802629
1,100,0.5,0.5,0.5,0.5,0.5,0.2,0.5,0.5,0.5,31.268750601669414
1,100,0.5,0.5,0.5,0.5,0.5,0.5,0.5,0.5,0.5,30.345244665795764
1,100,0.5,0.5,0.5,0.5,0.5,0.2,0.5,0.5,0.75,31.917144362134295
1,100,0.5,0.5,0.5,0.5,0.5,0.2,0.5,0.5,0.9,32.06509605792733
1,100,0.5,0.5,0.5,0.5,0.5,0.5,0.5,0.5,0.75,31.09393979364224
1,100,0.5,0.5,0.5,0.5,0.5,0.5,0.5,0.5,0.9,30.61867710537864
1,100,0.5,0.5,0.5,0.5,0.5,0.8,0.5,0.5,0.5,32.31297979791364
1,100,0.5,0.5,0.5,0.5,0.5,0.8,0.5,0.5,0.75,30.02479679767878
1,100,0.5,0.5,0.5,0.5,0.5,0.8,0.5,0.5,0.9,30.277039277277655
